Folder,Filename,Detected Type,Confidence,Keywords Found,Has Text
20240103_LUCY_Penyampaian Prospektus,20240103_LUCY_Penyampaian Prospektus_Informasi Tambahan_31564018_lamp1.pdf,prospektus_utama,50,penawaran umum; emiten; perseroan,True
20240109_MORA_Penyampaian Prospektus,20240109_MORA_Penyampaian Prospektus_Informasi Tambahan_31566545_lamp2.pdf,informasi_tambahan,30,informasi tambahan,True
20240109_MORA_Penyampaian Prospektus,20240109_MORA_Penyampaian Prospektus_Informasi Tambahan_31567056_lamp1.pdf,informasi_tambahan,30,informasi tambahan,True
20240109_MORA_Penyampaian Prospektus,20240109_MORA_Penyampaian Prospektus_Informasi Tambahan_31566545_lamp1.pdf,informasi_tambahan,30,informasi tambahan,True
20240111_PYFA_Prospektus Ringkas atas Penawaran Umum Terbatas Kepada Para,20240111_PYFA_Laporan Informasi dan Fakta Material_31567987_lamp1.pdf,prospektus_utama,40,penawaran umum; perseroan,True
20240109_MORA_Penyampaian Prospektus,20240109_MORA_Penyampaian Prospektus_Informasi Tambahan_31567056_lamp2.pdf,informasi_tambahan,30,informasi tambahan,True
20240112_MAYA_Penyampaian Prospektus,20240112_MAYA_Penyampaian Prospektus_Informasi Tambahan_31568335_lamp1.pdf,prospektus_utama,10,perseroan,True
20240112_BCAP_Penyampaian Bukti Iklan Informasi Tambahan dan_atau Perbaika,20240112_BCAP_Penyampaian Bukti Iklan_31568361_lamp1.pdf,tidak_teridentifikasi,0,,False
20240112_MORA_Penyampaian Prospektus,20240112_MORA_Penyampaian Prospektus_Informasi Tambahan_31568517_lamp2.pdf,informasi_tambahan,60,informasi tambahan; perbaikan atas,True
20240115_DSSA_Penyampaian Prospektus,20240815_DSSA_Penyampaian Prospektus_Informasi Tambahan_31705903_lamp1.pdf,term_sheet_waran,10,waran,True
20240115_PALM_Prospektus Ringkas terkait Penawaran Umum Terbatas kepada Pa,20240115_PALM_Laporan Informasi dan Fakta Material_31568638_lamp1.pdf,prospektus_utama,50,penawaran umum; emiten; perseroan,True
20240112_MORA_Penyampaian Prospektus,20240112_MORA_Penyampaian Prospektus_Informasi Tambahan_31568517_lamp1.pdf,informasi_tambahan,30,informasi tambahan,True
20240115_DSSA_Penyampaian Prospektus,20240815_DSSA_Penyampaian Prospektus_Informasi Tambahan_31705903_lamp2.pdf,informasi_tambahan,30,informasi tambahan,True
20240116_UNKNOWN_Penyampaian Perubahan Prospektus dan_atau Term Sheet Structu,20240116_DR_Penyampaian Prospektus_Informasi Tambahan_31569368_lamp1.pdf,term_sheet_waran,70,term sheet; waran terstruktur; waran,True
20240115_PALM_Prospektus Ringkas terkait Penawaran Umum Terbatas kepada Pa,20240115_PALM_Laporan Informasi dan Fakta Material_31568638_lamp2.pdf,prospektus_utama,40,penawaran umum; perseroan,True
20240116_UNKNOWN_Penyampaian Prospektus dan_atau Term Sheet Structured Warran,20240116_DR_Penyampaian Prospektus_Informasi Tambahan_31569370_lamp1.pdf,term_sheet_waran,70,term sheet; waran terstruktur; waran,True
20240116_UNKNOWN_Penyampaian Prospektus dan_atau Term Sheet Structured Warran,20240116_DR_Penyampaian Prospektus_Informasi Tambahan_31569367_lamp1.pdf,term_sheet_waran,70,term sheet; waran terstruktur; waran,True
20240116_UNKNOWN_Penyampaian Prospektus dan_atau Term Sheet Structured Warran,20240116_DR_Penyampaian Prospektus_Informasi Tambahan_31569377_lamp1.pdf,term_sheet_waran,70,term sheet; waran terstruktur; waran,True
20240116_UNKNOWN_Penyampaian Prospektus dan_atau Term Sheet Structured Warran,20240116_DR_Penyampaian Prospektus_Informasi Tambahan_31569373_lamp1.pdf,term_sheet_waran,70,term sheet; waran terstruktur; waran,True
20240116_UNKNOWN_Penyampaian Prospektus dan_atau Term Sheet Structured Warran,20240116_DR_Penyampaian Prospektus_Informasi Tambahan_31569382_lamp1.pdf,term_sheet_waran,70,term sheet; waran terstruktur; waran,True
20240116_UNKNOWN_Penyampaian Prospektus dan_atau Term Sheet Structured Warran,20240116_DR_Penyampaian Prospektus_Informasi Tambahan_31569380_lamp1.pdf,term_sheet_waran,70,term sheet; waran terstruktur; waran,True
20240116_UNKNOWN_Penyampaian Prospektus dan_atau Term Sheet Structured Warran,20240116_DR_Penyampaian Prospektus_Informasi Tambahan_31569383_lamp1.pdf,term_sheet_waran,70,term sheet; waran terstruktur; waran,True
20240116_UNKNOWN_Penyampaian Prospektus dan_atau Term Sheet Structured Warran,20240116_DR_Penyampaian Prospektus_Informasi Tambahan_31569384_lamp1.pdf,term_sheet_waran,70,term sheet; waran terstruktur; waran,True
20240116_UNKNOWN_Penyampaian Prospektus dan_atau Term Sheet Structured Warran,20240116_DR_Penyampaian Prospektus_Informasi Tambahan_31569386_lamp1.pdf,term_sheet_waran,70,term sheet; waran terstruktur; waran,True
20240116_UNKNOWN_Penyampaian Prospektus dan_atau Term Sheet Structured Warran,20240116_DR_Penyampaian Prospektus_Informasi Tambahan_31569389_lamp1.pdf,term_sheet_waran,70,term sheet; waran terstruktur; waran,True
20240116_UNKNOWN_Penyampaian Prospektus dan_atau Term Sheet Structured Warran,20240116_DR_Penyampaian Prospektus_Informasi Tambahan_31569391_lamp1.pdf,term_sheet_waran,70,term sheet; waran terstruktur; waran,True
20240116_UNKNOWN_Penyampaian Prospektus dan_atau Term Sheet Structured Warran,20240116_DR_Penyampaian Prospektus_Informasi Tambahan_31569394_lamp1.pdf,term_sheet_waran,70,term sheet; waran terstruktur; waran,True
20240116_UNKNOWN_Penyampaian Prospektus dan_atau Term Sheet Structured Warran,20240116_DR_Penyampaian Prospektus_Informasi Tambahan_31569399_lamp1.pdf,term_sheet_waran,70,term sheet; waran terstruktur; waran,True
20240116_UNKNOWN_Penyampaian Prospektus dan_atau Term Sheet Structured Warran,20240116_DR_Penyampaian Prospektus_Informasi Tambahan_31569397_lamp1.pdf,term_sheet_waran,70,term sheet; waran terstruktur; waran,True
20240118_MEDC_Penyampaian Prospektus,20240118_MEDC_Penyampaian Prospektus_Informasi Tambahan_31570147_lamp1.pdf,tidak_teridentifikasi,0,,False
20240118_MEDC_Penyampaian Prospektus,20240118_MEDC_Penyampaian Prospektus_Informasi Tambahan_31570147_lamp2.pdf,informasi_tambahan,30,informasi tambahan,True
20240119_OTMA_Penyampaian Prospektus,20240819_OTMA_Penyampaian Prospektus_Informasi Tambahan_31706634_lamp1.pdf,informasi_tambahan,30,informasi tambahan,True
20240119_TBIG_Penyampaian Prospektus,20240119_TBIG_Penyampaian Prospektus_Informasi Tambahan_31570355_lamp1.pdf,tidak_teridentifikasi,0,,False
20240119_TBIG_Penyampaian Prospektus,20240119_TBIG_Penyampaian Prospektus_Informasi Tambahan_31570355_lamp2.pdf,informasi_tambahan,30,informasi tambahan,True
20240121_FIFA_Penyampaian Prospektus,20240821_FIFA_Penyampaian Prospektus_Informasi Tambahan_31707310_lamp1.pdf,informasi_tambahan,30,informasi tambahan,True
20240121_FIFA_Penyampaian Prospektus,20240821_FIFA_Penyampaian Prospektus_Informasi Tambahan_31707310_lamp2.pdf,tidak_teridentifikasi,0,,False
20240122_BFIN_Penyampaian Bukti Iklan Pemberitahuan atas Prospektus Ringka,20240822_BFIN_Penyampaian Bukti Iklan_31707680_lamp1.pdf,tidak_terbaca,0,,False
20240122_BFIN_Penyampaian Bukti Iklan Pemberitahuan atas Prospektus Ringka,20240822_BFIN_Penyampaian Bukti Iklan_31707680_lamp3.pdf,bukti_iklan,30,bukti iklan,True
20240122_BFIN_Penyampaian Prospektus,20240822_BFIN_Penyampaian Prospektus_Informasi Tambahan_31707617_lamp1.pdf,prospektus_utama,80,penawaran umum; obligasi; pendaftaran efek; perseroan,True
20240122_BFIN_Penyampaian Bukti Iklan Pemberitahuan atas Prospektus Ringka,20240822_BFIN_Penyampaian Bukti Iklan_31707680_lamp2.pdf,bukti_iklan,30,bukti iklan,True
20240123_WIKA_Penyampaian Bukti Iklan Keterbukaan Informasi atas Prospektu,20240123_WIKA_Penyampaian Bukti Iklan_31571069_lamp1.pdf,bukti_iklan,60,bukti iklan; telah dipublikasikan,True
20240123_WIKA_Prospektus Ringkas Penawaran Umum Terbatas PT Wijaya Karya (,20240123_WIKA_Laporan Informasi dan Fakta Material_31571064_lamp1.pdf,prospektus_utama,40,penawaran umum; perseroan,True
20240122_BFIN_Penyampaian Bukti Iklan Pemberitahuan atas Prospektus Ringka,20240822_BFIN_Penyampaian Bukti Iklan_31707680_lamp4.pdf,bukti_iklan,30,harian,True
20240123_WIKA_Prospektus Ringkas Penawaran Umum Terbatas PT Wijaya Karya (,20240123_WIKA_Laporan Informasi dan Fakta Material_31571064_lamp2.pdf,tidak_teridentifikasi,0,,True
20240124_FREN_Penyampaian Bukti Iklan Prospektus Ringkas Penambahan Modal,20240124_FREN_Penyampaian Bukti Iklan_31571439_lamp1.pdf,tidak_terbaca,0,,False
20240124_FREN_Prospektus Ringkas Penambahan Modal Dengan Memberikan Hak Me,20240124_FREN_Laporan Informasi dan Fakta Material_31571389_lamp1.pdf,prospektus_utama,40,penawaran umum; perseroan,True
20240124_FREN_Penyampaian Bukti Iklan Prospektus Ringkas Penambahan Modal,20240124_FREN_Penyampaian Bukti Iklan_31571439_lamp2.pdf,tidak_teridentifikasi,0,,True
20240125_FREN_Penyampaian Bukti Iklan Prospektus Ringkas Penambahan Modal,20240125_FREN_Penyampaian Bukti Iklan_31571561_lamp1.pdf,tidak_teridentifikasi,0,,True
20240124_FREN_Prospektus Ringkas Penambahan Modal Dengan Memberikan Hak Me,20240124_FREN_Laporan Informasi dan Fakta Material_31571419_lamp1.pdf,prospektus_utama,40,penawaran umum; perseroan,True
20240128_HRTA_Pemberitahuan atas Prospektus Ringkas dalam rangka Penawaran,20240828_HRTA_Laporan Informasi dan Fakta Material_31719573_lamp2.pdf,prospektus_utama,80,penawaran umum; obligasi; pendaftaran efek; perseroan,True
20240125_FREN_Prospektus Ringkas Penambahan Modal Dengan Memberikan Hak Me,20240125_FREN_Laporan Informasi dan Fakta Material_31571526_lamp1.pdf,prospektus_utama,40,penawaran umum; perseroan,True
20240130_HRTA_Penyampaian Bukti Iklan Prospektus Ringkas dalam Rangka Pena,20240830_HRTA_Penyampaian Bukti Iklan_31720087_lamp1.pdf,tidak_terbaca,0,,False
20240128_HRTA_Pemberitahuan atas Prospektus Ringkas dalam rangka Penawaran,20240828_HRTA_Laporan Informasi dan Fakta Material_31719573_lamp1.pdf,tidak_teridentifikasi,0,,True
20240130_HRTA_Penyampaian Bukti Iklan Prospektus Ringkas dalam Rangka Pena,20240830_HRTA_Penyampaian Bukti Iklan_31720087_lamp2.pdf,bukti_iklan,30,bukti iklan,True
20240221_BTPN_Informasi Tambahan Prospektus Ringkas PMHMETD II Perseroan,20240221_BTPN_Laporan Informasi dan Fakta Material_31579789_lamp1.pdf,tidak_terbaca,0,,False
20240221_BTPN_Penyampaian Prospektus,20240221_BTPN_Penyampaian Prospektus_Informasi Tambahan_31579796_lamp2.pdf,tidak_terbaca,0,,False
20240223_SDRA_Informasi Tambahan Prospektus Ringkas PMHMETD IV Perseroan,20240223_SDRA_Laporan Informasi dan Fakta Material_31580677_lamp1.pdf,prospektus_ringkas,30,ringkas,True
20240221_BTPN_Informasi Tambahan Prospektus Ringkas PMHMETD II Perseroan,20240221_BTPN_Laporan Informasi dan Fakta Material_31579789_lamp2.pdf,informasi_tambahan,60,informasi tambahan; perbaikan atas,True
20240221_BTPN_Penyampaian Prospektus,20240221_BTPN_Penyampaian Prospektus_Informasi Tambahan_31579796_lamp1.pdf,informasi_tambahan,60,informasi tambahan; perbaikan atas,True
20240223_SDRA_Informasi Tambahan Prospektus Ringkas PMHMETD IV Perseroan,20240223_SDRA_Laporan Informasi dan Fakta Material_31580677_lamp2.pdf,term_sheet_waran,10,waran,True
20240226_SDRA_Penyampaian Bukti Iklan Penyampaian Bukti Pengumuman Informa,20240226_SDRA_Penyampaian Bukti Iklan_31580735_lamp2.pdf,prospektus_utama,50,penawaran umum; emiten; perseroan,True
20240226_BBRI_Penyampaian Prospektus,20240226_BBRI_Penyampaian Prospektus_Informasi Tambahan_31581036_lamp1.pdf,informasi_tambahan,30,informasi tambahan,True
20240226_SDRA_Penyampaian Bukti Iklan Penyampaian Bukti Pengumuman Informa,20240226_SDRA_Penyampaian Bukti Iklan_31580735_lamp1.pdf,prospektus_ringkas,30,ringkas,True
20240229_BTPN_Penyampaian Prospektus,20240229_BTPN_Penyampaian Prospektus_Informasi Tambahan_31582114_lamp2.pdf,prospektus_utama,10,perseroan,True
20240229_BTPN_Penyampaian Prospektus,20240229_BTPN_Penyampaian Prospektus_Informasi Tambahan_31582114_lamp1.pdf,prospektus_utama,10,perseroan,True
20240305_PALM_Informasi Tambahan dan_atau Perbaikan atas Prospektus Ringka,20240305_PALM_Laporan Informasi dan Fakta Material_31593333_lamp2.pdf,informasi_tambahan,60,informasi tambahan; perbaikan atas,True
20240306_SDRA_Informasi Tambahan Prospektus Ringkas PMHMETD IV Perseroan,20240306_SDRA_Laporan Informasi dan Fakta Material_31594363_lamp1.pdf,prospektus_ringkas,30,ringkas,True
20240305_PALM_Informasi Tambahan dan_atau Perbaikan atas Prospektus Ringka,20240305_PALM_Laporan Informasi dan Fakta Material_31593333_lamp1.pdf,informasi_tambahan,60,informasi tambahan; perbaikan atas,True
20240306_SDRA_Penyampaian Bukti Iklan Penyampaian Bukti Iklan Penyampaian,20240306_SDRA_Penyampaian Bukti Iklan_31594389_lamp2.pdf,prospektus_utama,50,penawaran umum; emiten; perseroan,True
20240229_PNMP_Penyampaian Prospektus,20240229_PNMP_Penyampaian Prospektus_Informasi Tambahan_31581857_lamp1.pdf,prospektus_utama,70,penawaran umum; obligasi; perseroan,True
20240306_SDRA_Informasi Tambahan Prospektus Ringkas PMHMETD IV Perseroan,20240306_SDRA_Laporan Informasi dan Fakta Material_31594363_lamp2.pdf,term_sheet_waran,10,waran,True
20240308_SMFP_Penyampaian Prospektus,20240308_SMFP_Penyampaian Prospektus_Informasi Tambahan_31595450_lamp2.pdf,tidak_teridentifikasi,0,,False
20240308_SMFP_Penyampaian Prospektus,20240308_SMFP_Penyampaian Prospektus_Informasi Tambahan_31595450_lamp1.pdf,informasi_tambahan,30,informasi tambahan,True
20240306_SDRA_Penyampaian Bukti Iklan Penyampaian Bukti Iklan Penyampaian,20240306_SDRA_Penyampaian Bukti Iklan_31594389_lamp1.pdf,prospektus_utama,40,obligasi; perseroan,True
20240308_SMFP_Penyampaian Prospektus,20240308_SMFP_Penyampaian Prospektus_Informasi Tambahan_31595462_lamp1.pdf,tidak_teridentifikasi,0,,False
20240314_FIFA_Penyampaian Prospektus,20240314_FIFA_Penyampaian Prospektus_Informasi Tambahan_31596479_lamp1.pdf,tidak_teridentifikasi,0,,False
20240315_SDRA_Informasi Tambahan Prospektus Ringkas PMHMETD IV Perseroan,20240315_SDRA_Laporan Informasi dan Fakta Material_31597102_lamp1.pdf,prospektus_ringkas,30,ringkas,True
20240308_SMFP_Penyampaian Prospektus,20240308_SMFP_Penyampaian Prospektus_Informasi Tambahan_31595462_lamp2.pdf,informasi_tambahan,30,informasi tambahan,True
20240314_FIFA_Penyampaian Prospektus,20240314_FIFA_Penyampaian Prospektus_Informasi Tambahan_31596479_lamp2.pdf,informasi_tambahan,30,informasi tambahan,True
20240315_SDRA_Informasi Tambahan Prospektus Ringkas PMHMETD IV Perseroan,20240315_SDRA_Laporan Informasi dan Fakta Material_31597102_lamp2.pdf,term_sheet_waran,10,waran,True
20240318_SDRA_Penyampaian Bukti Iklan Penyampaian Bukti Pengumuman Informa,20240318_SDRA_Penyampaian Bukti Iklan_31607247_lamp2.pdf,prospektus_utama,50,penawaran umum; emiten; perseroan,True
20240318_SDRA_Penyampaian Bukti Iklan Penyampaian Bukti Pengumuman Informa,20240318_SDRA_Penyampaian Bukti Iklan_31607247_lamp1.pdf,prospektus_ringkas,30,ringkas,True
20240318_SMMA_Penyampaian Bukti Iklan Bukti Iklan Prospektus Ringkas Penaw,20240318_SMMA_Penyampaian Bukti Iklan_31607169_lamp1.pdf,tidak_terbaca,0,,False
20240318_SMMA_Penyampaian Bukti Iklan Bukti Iklan Prospektus Ringkas Penaw,20240318_SMMA_Penyampaian Bukti Iklan_31607169_lamp2.pdf,prospektus_utama,80,penawaran umum; obligasi; pendaftaran efek; perseroan,True
20240325_MPMF_Penyampaian Prospektus,20240325_MPMF_Penyampaian Prospektus_Informasi Tambahan_31619211_lamp1.pdf,informasi_tambahan,30,informasi tambahan,True
20240322_FITT_Penyampaian Prospektus,20240322_FITT_Penyampaian Prospektus_Informasi Tambahan_31608814_lamp1.pdf,prospektus_utama,40,penawaran umum; perseroan,True
20240401_DSSA_Penyampaian Bukti Iklan Prospektus Ringkas Obligasi Berkelan,20240401_DSSA_Penyampaian Bukti Iklan_31622216_lamp2.pdf,bukti_iklan,70,telah dipublikasikan; harian; koran,True
20240401_DSSA_Penyampaian Bukti Iklan Prospektus Ringkas Obligasi Berkelan,20240401_DSSA_Penyampaian Bukti Iklan_31622216_lamp1.pdf,prospektus_utama,100,penawaran umum; obligasi; sukuk; perseroan,True
20240401_DSSA_Penyampaian Prospektus,20240401_DSSA_Penyampaian Prospektus_Informasi Tambahan_31622284_lamp1.pdf,prospektus_utama,100,penawaran umum; obligasi; sukuk; perseroan,True
20240328_ASDF_Penyampaian Prospektus,20240328_ASDF_Penyampaian Prospektus_Informasi Tambahan_31620661_lamp1.pdf,prospektus_utama,70,penawaran umum; obligasi; perseroan,True
20240401_DSSA_Penyampaian Prospektus,20240401_DSSA_Penyampaian Prospektus_Informasi Tambahan_31622284_lamp2.pdf,bukti_iklan,70,telah dipublikasikan; harian; koran,True
20240401_SMMA_Penyampaian Prospektus,20240401_SMMA_Penyampaian Prospektus_Informasi Tambahan_31621670_lamp1.pdf,tidak_terbaca,0,,False
20240401_SMMA_Penyampaian Bukti Iklan Informasi Tambahan Dan_Atau Perbaika,20240401_SMMA_Penyampaian Bukti Iklan_31621655_lamp1.pdf,tidak_terbaca,0,,False
20240401_SMMA_Penyampaian Bukti Iklan Informasi Tambahan Dan_Atau Perbaika,20240401_SMMA_Penyampaian Bukti Iklan_31621655_lamp2.pdf,prospektus_utama,70,penawaran umum; obligasi; perseroan,True
20240401_WIKA_Penyampaian Prospektus,20240401_WIKA_Penyampaian Prospektus_Informasi Tambahan_31621677_lamp2.pdf,informasi_tambahan,10,penambahan informasi,True
20240401_SMMA_Penyampaian Prospektus,20240401_SMMA_Penyampaian Prospektus_Informasi Tambahan_31621670_lamp2.pdf,prospektus_utama,70,penawaran umum; obligasi; perseroan,True
20240401_WIKA_Penyampaian Prospektus,20240401_WIKA_Penyampaian Prospektus_Informasi Tambahan_31621677_lamp1.pdf,prospektus_ringkas,30,ringkas,True
20240401_WIKA_Penyampaian Prospektus (KOREKSI),20240401_WIKA_Penyampaian Prospektus_Informasi Tambahan_31622276_lamp1.pdf,prospektus_ringkas,30,ringkas,True
20240402_WIKA_Penyampaian Prospektus (KOREKSI),20240402_WIKA_Penyampaian Prospektus_Informasi Tambahan_31622793_lamp1.pdf,prospektus_ringkas,30,ringkas,True
20240401_WIKA_Penyampaian Prospektus (KOREKSI),20240401_WIKA_Penyampaian Prospektus_Informasi Tambahan_31622276_lamp2.pdf,informasi_tambahan,10,penambahan informasi,True
20240402_WIKA_Penyampaian Prospektus (KOREKSI),20240402_WIKA_Penyampaian Prospektus_Informasi Tambahan_31622793_lamp2.pdf,informasi_tambahan,10,penambahan informasi,True
20240404_PYFA_Informasi Tambahan atas Prospektus Ringkas mengenai Penambah,20240404_PYFA_Laporan Informasi dan Fakta Material_31624599_lamp1.pdf,prospektus_utama,40,penawaran umum; perseroan,True
20240405_ADMF_Penyampaian Prospektus,20240405_ADMF_Penyampaian Prospektus_Informasi Tambahan_31625178_lamp2.pdf,tidak_teridentifikasi,0,,False
20240405_ADMF_Penyampaian Prospektus,20240405_ADMF_Penyampaian Prospektus_Informasi Tambahan_31625178_lamp3.pdf,tidak_teridentifikasi,0,,True
20240404_PYFA_Penyampaian Prospektus,20240404_PYFA_Penyampaian Prospektus_Informasi Tambahan_31624549_lamp1.pdf,prospektus_utama,10,perseroan,True
20240416_SDRA_Penyampaian Bukti Iklan Bukti Pengumuman Prospektus PMHMETD,20240416_SDRA_Penyampaian Bukti Iklan_31626509_lamp1.pdf,bukti_iklan,30,pengumuman,True
20240405_ADMF_Penyampaian Prospektus,20240405_ADMF_Penyampaian Prospektus_Informasi Tambahan_31625178_lamp1.pdf,informasi_tambahan,30,informasi tambahan,True
20240416_SDRA_Penyampaian Bukti Iklan Bukti Pengumuman Prospektus PMHMETD,20240416_SDRA_Penyampaian Bukti Iklan_31626509_lamp2.pdf,prospektus_utama,40,obligasi; perseroan,True
20240416_SDRA_Penyampaian Prospektus,20240405_SDRA_Penyampaian Prospektus_Informasi Tambahan_31625611_lamp1.pdf,prospektus_utama,20,emiten; perseroan,True
20240416_SDRA_Penyampaian Prospektus,20240405_SDRA_Penyampaian Prospektus_Informasi Tambahan_31625611_lamp2.pdf,tidak_teridentifikasi,0,,True
20240416_SDRA_Prospektus PMHMETD IV,20240416_SDRA_Laporan Informasi dan Fakta Material_31626482_lamp2.pdf,fakta_material,30,fakta material,True
20240416_SDRA_Prospektus PMHMETD IV,20240416_SDRA_Laporan Informasi dan Fakta Material_31626482_lamp3.pdf,prospektus_utama,40,obligasi; perseroan,True
20240419_BBYB_Perubahan dan_atau Tambahan Informasi atas Prospektus Ringka,20240419_BBYB_Laporan Informasi dan Fakta Material_31627719_lamp1.pdf,tidak_terbaca,0,,False
20240416_SDRA_Prospektus PMHMETD IV,20240416_SDRA_Laporan Informasi dan Fakta Material_31626482_lamp1.pdf,prospektus_ringkas,30,ringkas,True
20240419_ASDF_Penyampaian Prospektus,20240418_ASDF_Penyampaian Prospektus_Informasi Tambahan_31627152_lamp1.pdf,prospektus_utama,70,penawaran umum; obligasi; perseroan,True
20240419_BBYB_Perubahan dan_atau Tambahan Informasi atas Prospektus Ringka,20240419_BBYB_Laporan Informasi dan Fakta Material_31627719_lamp2.pdf,fakta_material,30,fakta material,True
20240426_HRTA_Pemberitahuan atas Prospektus Ringkas dalam rangka Penawaran,20240426_HRTA_Laporan Informasi dan Fakta Material_31630168_lamp1.pdf,tidak_teridentifikasi,0,,True
20240419_FREN_Penyampaian Prospektus,20240419_FREN_Penyampaian Prospektus_Informasi Tambahan_31627440_lamp1.pdf,prospektus_utama,10,perseroan,True
20240421_BBYB_Penyampaian Bukti Iklan Prospektus Ringkas PMHMETD VII,20240419_BBYB_Penyampaian Bukti Iklan_31627822_lamp1.pdf,prospektus_ringkas,30,ringkas,True
20240422_FREN_Penyampaian Bukti Iklan Prospektus PMHMETD V,20240422_FREN_Penyampaian Bukti Iklan_31628306_lamp1.pdf,tidak_teridentifikasi,0,,True
20240429_HRTA_Penyampaian Bukti Iklan Prospektus Ringkas dalam rangka Pena,20240429_HRTA_Penyampaian Bukti Iklan_31630797_lamp1.pdf,tidak_terbaca,0,,False
20240426_HRTA_Pemberitahuan atas Prospektus Ringkas dalam rangka Penawaran,20240426_HRTA_Laporan Informasi dan Fakta Material_31630168_lamp2.pdf,prospektus_utama,80,penawaran umum; obligasi; pendaftaran efek; perseroan,True
20240503_HRTA_Informasi Tambahan atas Prospektus Ringkas dalam rangka Pena,20240503_HRTA_Laporan Informasi dan Fakta Material_31634336_lamp2.pdf,prospektus_utama,70,penawaran umum; obligasi; perseroan,True
20240503_HRTA_Informasi Tambahan atas Prospektus Ringkas dalam rangka Pena,20240503_HRTA_Laporan Informasi dan Fakta Material_31634336_lamp1.pdf,tidak_terbaca,0,,False
20240506_HRTA_Penyampaian Bukti Iklan Informasi Tambahan atas Prospektus R,20240506_HRTA_Penyampaian Bukti Iklan_31634927_lamp1.pdf,tidak_terbaca,0,,False
20240429_HRTA_Penyampaian Bukti Iklan Prospektus Ringkas dalam rangka Pena,20240429_HRTA_Penyampaian Bukti Iklan_31630797_lamp2.pdf,bukti_iklan,30,bukti iklan,True
20240506_TUFI_Penyampaian Prospektus,20240506_TUFI_Penyampaian Prospektus_Informasi Tambahan_31635464_lamp2.pdf,informasi_tambahan,30,informasi tambahan,True
20240506_HRTA_Penyampaian Bukti Iklan Informasi Tambahan atas Prospektus R,20240506_HRTA_Penyampaian Bukti Iklan_31634927_lamp2.pdf,bukti_iklan,30,bukti iklan,True
20240513_SMRA_Penyampaian Prospektus,20240513_SMRA_Penyampaian Prospektus_Informasi Tambahan_31638204_lamp1.pdf,term_sheet_waran,10,waran,True
20240509_DSSA_Penyampaian Prospektus,20240509_DSSA_Penyampaian Prospektus_Informasi Tambahan_31637421_lamp1.pdf,informasi_tambahan,30,informasi tambahan,True
20240509_DSSA_Penyampaian Prospektus,20240509_DSSA_Penyampaian Prospektus_Informasi Tambahan_31637421_lamp2.pdf,tidak_terbaca,0,,False
20240513_SMRA_Penyampaian Prospektus,20240513_SMRA_Penyampaian Prospektus_Informasi Tambahan_31638204_lamp2.pdf,informasi_tambahan,30,informasi tambahan,True
20240529_BBIA_Penyampaian Bukti Iklan Prospektus Ringkas PUB Obligasi Berk,20240529_BBIA_Penyampaian Bukti Iklan_31643716_lamp1.pdf,tidak_terbaca,0,,False
20240528_SMRA_Penyampaian Prospektus,20240528_SMRA_Penyampaian Prospektus_Informasi Tambahan_31643473_lamp1.pdf,informasi_tambahan,60,informasi tambahan; perbaikan atas,True
20240529_BBIA_Penyampaian Bukti Iklan Prospektus Ringkas PUB Obligasi Berk,20240529_BBIA_Penyampaian Bukti Iklan_31643716_lamp3.pdf,prospektus_utama,60,penawaran umum; obligasi,True
20240529_DSSA_Penyampaian Prospektus,20240529_DSSA_Penyampaian Prospektus_Informasi Tambahan_31644088_lamp1.pdf,term_sheet_waran,10,waran,True
20240529_BBIA_Penyampaian Bukti Iklan Prospektus Ringkas PUB Obligasi Berk,20240529_BBIA_Penyampaian Bukti Iklan_31643716_lamp4.pdf,tidak_terbaca,0,,False
20240529_BBIA_Penyampaian Bukti Iklan Prospektus Ringkas PUB Obligasi Berk,20240529_BBIA_Penyampaian Bukti Iklan_31643716_lamp2.pdf,term_sheet_waran,10,waran,True
20240529_DSSA_Penyampaian Prospektus,20240529_DSSA_Penyampaian Prospektus_Informasi Tambahan_31644088_lamp2.pdf,informasi_tambahan,60,informasi tambahan; perbaikan atas,True
20240530_WOMF_Penyampaian Prospektus,20240530_WOMF_Penyampaian Prospektus_Informasi Tambahan_31644205_lamp2.pdf,prospektus_utama,50,obligasi; pendaftaran efek; perseroan,True
20240530_WOMF_Penyampaian Bukti Iklan Pemberitahuan atas Prospektus Ringka,20240530_WOMF_Penyampaian Bukti Iklan_31644244_lamp1.pdf,bukti_iklan,60,bukti iklan; harian,True
20240530_SANF_Penyampaian Prospektus,20240530_SANF_Penyampaian Prospektus_Informasi Tambahan_31644353_lamp1.pdf,informasi_tambahan,30,informasi tambahan,True
20240603_IMFI_Penyampaian Prospektus,20240603_IMFI_Penyampaian Prospektus_Informasi Tambahan_31645720_lamp1.pdf,tidak_terbaca,0,,False
20240530_WOMF_Penyampaian Prospektus,20240530_WOMF_Penyampaian Prospektus_Informasi Tambahan_31644205_lamp1.pdf,prospektus_utama,40,obligasi; emiten,True
20240607_PTPP_Penyampaian Prospektus,20240607_PTPP_Penyampaian Prospektus_Informasi Tambahan_31648261_lamp1.pdf,prospektus_utama,80,penawaran umum; obligasi; pendaftaran efek; perseroan,True
20240603_IMFI_Penyampaian Prospektus,20240603_IMFI_Penyampaian Prospektus_Informasi Tambahan_31645720_lamp2.pdf,informasi_tambahan,30,informasi tambahan,True
20240610_INCO_Penyampaian Prospektus,20240610_INCO_Penyampaian Prospektus_Informasi Tambahan_31659329_lamp2.pdf,fakta_material,30,fakta material,True
20240610_INCO_Penyampaian Prospektus,20240610_INCO_Penyampaian Prospektus_Informasi Tambahan_31659329_lamp1.pdf,prospektus_utama,40,penawaran umum; perseroan,True
20240606_BCAP_Penyampaian Prospektus,20240606_BCAP_Penyampaian Prospektus_Informasi Tambahan_31647752_lamp1.pdf,informasi_tambahan,30,informasi tambahan,True
20240610_LTLS_Penyampaian Bukti Iklan Prospektus Ringkas pada Surat Kabar,20240610_LTLS_Penyampaian Bukti Iklan_31659368_lamp1.pdf,tidak_teridentifikasi,0,,False
20240610_INCO_Penyampaian Prospektus (KOREKSI),20240610_INCO_Penyampaian Prospektus_Informasi Tambahan_31659841_lamp2.pdf,prospektus_utama,40,penawaran umum; perseroan,True
20240610_INCO_Penyampaian Prospektus (KOREKSI),20240610_INCO_Penyampaian Prospektus_Informasi Tambahan_31659841_lamp1.pdf,fakta_material,30,fakta material,True
20240611_BJBR_Penyampaian Bukti Iklan Prospektus Penawaran Umum Berkelanju,20240611_BJBR_Penyampaian Bukti Iklan_31659929_lamp2.pdf,tidak_terbaca,0,,False
20240611_BJBR_Penyampaian Bukti Iklan Prospektus Penawaran Umum Berkelanju,20240611_BJBR_Penyampaian Bukti Iklan_31659929_lamp1.pdf,tidak_teridentifikasi,0,,False
20240610_LTLS_Penyampaian Bukti Iklan Prospektus Ringkas pada Surat Kabar,20240610_LTLS_Penyampaian Bukti Iklan_31659368_lamp3.pdf,tidak_teridentifikasi,0,,False
20240610_LTLS_Penyampaian Bukti Iklan Prospektus Ringkas pada Surat Kabar,20240610_LTLS_Penyampaian Bukti Iklan_31659368_lamp2.pdf,tidak_teridentifikasi,0,,True
20240611_BJBR_Penyampaian Bukti Iklan Prospektus Penawaran Umum Berkelanju,20240611_BJBR_Penyampaian Bukti Iklan_31659929_lamp3.pdf,term_sheet_waran,10,waran,True
20240611_BTPN_Penyampaian Bukti Iklan Prospektus Ringkas pada Surat Kabar,20240611_BTPN_Penyampaian Bukti Iklan_31659958_lamp1.pdf,tidak_terbaca,0,,False
20240611_BTPN_Penyampaian Bukti Iklan Prospektus Ringkas pada Surat Kabar,20240611_BTPN_Penyampaian Bukti Iklan_31659958_lamp2.pdf,bukti_iklan,10,media,True
20240611_TPMA_Penyampaian Prospektus,20240611_TPMA_Penyampaian Prospektus_Informasi Tambahan_31659960_lamp1.pdf,informasi_tambahan,30,perubahan dan/atau tambahan,True
20240611_TPMA_Penyampaian Prospektus,20240611_TPMA_Penyampaian Prospektus_Informasi Tambahan_31659960_lamp2.pdf,prospektus_utama,10,perseroan,True
20240611_TRIM_Penyampaian Prospektus,20240611_TRIM_Penyampaian Prospektus_Informasi Tambahan_31660316_lamp1.pdf,informasi_tambahan,30,informasi tambahan,True
20240611_TRIM_Penyampaian Prospektus,20240611_TRIM_Penyampaian Prospektus_Informasi Tambahan_31660316_lamp2.pdf,tidak_terbaca,0,,False
20240612_BVIC_Penyampaian Bukti Iklan Prospektus Ringkas Dalam Rangka Pena,20240612_BVIC_Penyampaian Bukti Iklan_31660859_lamp2.pdf,tidak_terbaca,0,,False
20240612_BVIC_Penyampaian Bukti Iklan Prospektus Ringkas Dalam Rangka Pena,20240612_BVIC_Penyampaian Bukti Iklan_31660859_lamp1.pdf,prospektus_utama,80,penawaran umum; obligasi; emiten; perseroan,True
20240619_MTEL_Penyampaian Bukti Iklan Prospektus Ringkas Penawaran Umum Be,20240619_MTEL_Penyampaian Bukti Iklan_31662463_lamp1.pdf,tidak_terbaca,0,,False
20240619_MTEL_Prospektus Ringkas Penawaran Umum Berkelanjutan Obligasi Ber,20240619_MTEL_Laporan Informasi dan Fakta Material_31662458_lamp1.pdf,tidak_terbaca,0,,False
20240619_MTEL_Prospektus Ringkas Penawaran Umum Berkelanjutan Obligasi Ber,20240619_MTEL_Laporan Informasi dan Fakta Material_31662458_lamp2.pdf,prospektus_utama,100,penawaran umum; obligasi; sukuk; pendaftaran efek; perseroan,True
20240619_PRTL_Prospektus Ringkas Penawaran Umum Berkelanjutan Obligasi Ber,20240619_PRTL_Laporan Informasi dan Fakta Material_31662250_lamp1.pdf,prospektus_utama,60,penawaran umum; obligasi,True
20240619_MTEL_Penyampaian Bukti Iklan Prospektus Ringkas Penawaran Umum Be,20240619_MTEL_Penyampaian Bukti Iklan_31662463_lamp2.pdf,prospektus_utama,100,penawaran umum; obligasi; sukuk; pendaftaran efek; perseroan,True
20240619_PRTL_Prospektus Ringkas Penawaran Umum Berkelanjutan Obligasi Ber,20240619_PRTL_Laporan Informasi dan Fakta Material_31662250_lamp2.pdf,prospektus_utama,80,penawaran umum; obligasi; pendaftaran efek; perseroan,True
20240619_PRTL_Surat Pengantar atas Bukti Pengumuman Prospektus Ringkas Pen,20240619_PRTL_Laporan Informasi dan Fakta Material_31662315_lamp1.pdf,prospektus_utama,70,penawaran umum; obligasi; emiten,True
20240620_BBIA_Penyampaian Bukti Iklan Informasi Tambahan dan_atau Perbaika,20240620_BBIA_Penyampaian Bukti Iklan_31663295_lamp1.pdf,prospektus_utama,60,penawaran umum; obligasi,True
20240619_TAFS_Penyampaian Prospektus,20240619_TAFS_Penyampaian Prospektus_Informasi Tambahan_31662340_lamp1.pdf,informasi_tambahan,30,informasi tambahan,True
20240620_BBIA_Penyampaian Bukti Iklan Informasi Tambahan dan_atau Perbaika,20240620_BBIA_Penyampaian Bukti Iklan_31663295_lamp3.pdf,tidak_terbaca,0,,False
20240620_BBIA_Penyampaian Bukti Iklan Informasi Tambahan dan_atau Perbaika,20240620_BBIA_Penyampaian Bukti Iklan_31663295_lamp2.pdf,tidak_terbaca,0,,False
20240621_ADHI_Penyampaian Prospektus,20240621_ADHI_Penyampaian Prospektus_Informasi Tambahan_31663323_lamp1.pdf,prospektus_utama,80,penawaran umum; obligasi; pendaftaran efek; perseroan,True
20240624_WOMF_Penyampaian Bukti Iklan Laporan Bukti Iklan Penyampaian Info,20240624_WOMF_Penyampaian Bukti Iklan_31674111_lamp1.pdf,bukti_iklan,60,bukti iklan; harian,True
20240620_BBIA_Penyampaian Bukti Iklan Informasi Tambahan dan_atau Perbaika,20240620_BBIA_Penyampaian Bukti Iklan_31663295_lamp4.pdf,term_sheet_waran,10,waran,True
20240621_BRPT_Penyampaian Prospektus,20240621_BRPT_Penyampaian Prospektus_Informasi Tambahan_31663594_lamp1.pdf,informasi_tambahan,30,informasi tambahan,True
20240622_ADHI_Penyampaian Bukti Iklan Prospektus Ringkas Penawaran Umum Be,20240622_ADHI_Penyampaian Bukti Iklan_31663900_lamp1.pdf,prospektus_utama,80,penawaran umum; obligasi; pendaftaran efek; perseroan,True
20240624_WOMF_Penyampaian Prospektus,20240624_WOMF_Penyampaian Prospektus_Informasi Tambahan_31674099_lamp1.pdf,prospektus_utama,70,penawaran umum; obligasi; perseroan,True
20240624_WOMF_Penyampaian Prospektus,20240624_WOMF_Penyampaian Prospektus_Informasi Tambahan_31674099_lamp2.pdf,prospektus_utama,70,penawaran umum; obligasi; emiten,True
20240624_WOMF_Penyampaian Bukti Iklan Laporan Bukti Iklan Penyampaian Info,20240624_WOMF_Penyampaian Bukti Iklan_31674111_lamp2.pdf,prospektus_utama,70,penawaran umum; obligasi; perseroan,True
20240624_WOMF_Penyampaian Bukti Iklan Laporan Bukti Iklan Penyampaian Info,20240624_WOMF_Penyampaian Bukti Iklan_31674111_lamp3.pdf,informasi_tambahan,60,informasi tambahan; perbaikan atas,True
20240625_PTPP_Penyampaian Prospektus,20240625_PTPP_Penyampaian Prospektus_Informasi Tambahan_31674541_lamp1.pdf,bukti_iklan,60,surat kabar; telah dipublikasikan,True
20240625_BCAP_Penyampaian Prospektus,20240625_BCAP_Penyampaian Prospektus_Informasi Tambahan_31674791_lamp1.pdf,informasi_tambahan,30,informasi tambahan,True
20240626_BIIF_Penyampaian Bukti Iklan Penyampaian Informasi Tambahan dan_a,20240626_BIIF_Penyampaian Bukti Iklan_31675715_lamp1.pdf,informasi_tambahan,60,informasi tambahan; perbaikan atas,True
20240626_BIIF_Penyampaian Bukti Iklan Penyampaian Informasi Tambahan dan_a,20240626_BIIF_Penyampaian Bukti Iklan_31675715_lamp2.pdf,tidak_terbaca,0,,False
20240625_WOMF_Penyampaian Prospektus,20240625_WOMF_Penyampaian Prospektus_Informasi Tambahan_31674568_lamp1.pdf,prospektus_utama,70,penawaran umum; obligasi; emiten,True
20240625_WOMF_Penyampaian Prospektus,20240625_WOMF_Penyampaian Prospektus_Informasi Tambahan_31674568_lamp2.pdf,prospektus_utama,70,penawaran umum; obligasi; perseroan,True
20240626_BIIF_Penyampaian Bukti Iklan Penyampaian Informasi Tambahan dan_a,20240626_BIIF_Penyampaian Bukti Iklan_31675715_lamp3.pdf,prospektus_utama,70,penawaran umum; obligasi; perseroan,True
20240626_TRIM_Penyampaian Prospektus,20240626_TRIM_Penyampaian Prospektus_Informasi Tambahan_31675377_lamp1.pdf,informasi_tambahan,60,informasi tambahan; perbaikan atas,True
20240628_BCAP_Penyampaian Prospektus,20240628_BCAP_Penyampaian Prospektus_Informasi Tambahan_31676581_lamp1.pdf,bukti_iklan,30,telah dipublikasikan,True
20240628_CNAF_Penyampaian Prospektus,20240628_CNAF_Penyampaian Prospektus_Informasi Tambahan_31676982_lamp1.pdf,tidak_terbaca,0,,False
20240628_CNAF_Penyampaian Prospektus,20240628_CNAF_Penyampaian Prospektus_Informasi Tambahan_31676982_lamp2.pdf,prospektus_utama,70,penawaran umum; sukuk; perseroan,True
20240628_HIFI_Penyampaian Prospektus,20240628_HIFI_Penyampaian Prospektus_Informasi Tambahan_31676584_lamp1.pdf,prospektus_utama,60,penawaran umum; obligasi,True
20240628_CNAF_Penyampaian Prospektus,20240628_CNAF_Penyampaian Prospektus_Informasi Tambahan_31676982_lamp3.pdf,informasi_tambahan,60,informasi tambahan; perubahan dan/atau tambahan,True
20240701_AGRS_Penyampaian Bukti Iklan Penyampaian Prospektus PUT VI PT Ban,20240701_AGRS_Penyampaian Bukti Iklan_31677548_lamp1.pdf,bukti_iklan,30,bukti iklan,True
20240628_HIFI_Penyampaian Prospektus,20240628_HIFI_Penyampaian Prospektus_Informasi Tambahan_31676584_lamp2.pdf,prospektus_utama,70,penawaran umum; obligasi; perseroan,True
20240701_PRTL_Prospektus Ringkas Penawaran Umum Berkelanjutan Obligasi Ber,20240701_PRTL_Laporan Informasi dan Fakta Material_31677334_lamp1.pdf,bukti_iklan,60,surat kabar; telah dipublikasikan,True
20240701_PRTL_Prospektus Ringkas Penawaran Umum Berkelanjutan Obligasi Ber,20240701_PRTL_Laporan Informasi dan Fakta Material_31677334_lamp2.pdf,prospektus_utama,60,penawaran umum; obligasi,True
20240701_ADHI_Penyampaian Prospektus,20240701_ADHI_Penyampaian Prospektus_Informasi Tambahan_31677785_lamp1.pdf,bukti_iklan,90,surat kabar; telah dipublikasikan; harian,True
20240702_BBYB_Penyampaian Prospektus,20240702_BBYB_Penyampaian Prospektus_Informasi Tambahan_31678546_lamp1.pdf,term_sheet_waran,10,waran,True
20240702_BTPN_Penyampaian Bukti Iklan Informasi Tambahan dan_atau Perbaika,20240702_BTPN_Penyampaian Bukti Iklan_31678057_lamp1.pdf,tidak_terbaca,0,,False
20240701_PRTL_Surat Pengantar Bukti Pengumuman Prospektus Ringkas Penawara,20240701_PRTL_Laporan Informasi dan Fakta Material_31677428_lamp1.pdf,prospektus_utama,70,penawaran umum; obligasi; emiten,True
20240702_BBYB_Penyampaian Prospektus,20240702_BBYB_Penyampaian Prospektus_Informasi Tambahan_31678546_lamp2.pdf,fakta_material,30,fakta material,True
20240702_BTPN_Penyampaian Bukti Iklan Informasi Tambahan dan_atau Perbaika,20240702_BTPN_Penyampaian Bukti Iklan_31678057_lamp2.pdf,tidak_teridentifikasi,0,,True
20240703_BBYB_Penyampaian Bukti Iklan Publikasi Prospektus PMHMETD VII PT,20240703_BBYB_Penyampaian Bukti Iklan_31679227_lamp1.pdf,prospektus_utama,10,perseroan,True
20240702_BTPN_Penyampaian Bukti Iklan Informasi Tambahan dan_atau Perbaika,20240702_BTPN_Penyampaian Bukti Iklan_31678061_lamp2.pdf,tidak_teridentifikasi,0,,True
20240705_APAI_Penyampaian Bukti Iklan Penyampaian Bukti Iklan Informasi Ta,20240705_APAI_Penyampaian Bukti Iklan_31680425_lamp1.pdf,bukti_iklan,100,bukti iklan; surat kabar; telah dipublikasikan; harian,True
20240702_BTPN_Penyampaian Bukti Iklan Informasi Tambahan dan_atau Perbaika,20240702_BTPN_Penyampaian Bukti Iklan_31678061_lamp1.pdf,bukti_iklan,90,pengumuman; surat kabar; harian,True
20240708_BRPT_Penyampaian Prospektus,20240708_BRPT_Penyampaian Prospektus_Informasi Tambahan_31681182_lamp1.pdf,informasi_tambahan,30,informasi tambahan,True
20240712_BWPT_Penyampaian Bukti Iklan bukti iklan prospektus ringkas,20240712_BWPT_Penyampaian Bukti Iklan_31683365_lamp2.pdf,tidak_terbaca,0,,False
20240712_BWPT_Penyampaian Bukti Iklan bukti iklan prospektus ringkas,20240712_BWPT_Penyampaian Bukti Iklan_31683365_lamp3.pdf,tidak_terbaca,0,,False
20240712_BWPT_Penyampaian Bukti Iklan bukti iklan prospektus ringkas,20240712_BWPT_Penyampaian Bukti Iklan_31683365_lamp1.pdf,prospektus_utama,70,penawaran umum; obligasi; perseroan,True
20240909_HRTA_Penyampaian Dokumen Informasi Tambahan serta Perubahan dan_a,20240909_HRTA_Laporan Informasi dan Fakta Material_31723626_lamp1.pdf,prospektus_utama,90,penawaran umum; obligasi; sukuk,True
20240730_MSIE_Permohonan Perubahan Informasi Jadwal Perdagangan Waran dan,20240730_MSIE_Laporan Informasi dan Fakta Material_31689015_lamp1.pdf,prospektus_utama,10,perseroan,True
20240712_BWPT_Penyampaian Bukti Iklan Informasi tambahan dan_atau perbaika,20240712_BWPT_Penyampaian Bukti Iklan_31683366_lamp1.pdf,tidak_teridentifikasi,0,,False
20240909_HRTA_Penyampaian Dokumen Informasi Tambahan serta Perubahan dan_a,20240909_HRTA_Laporan Informasi dan Fakta Material_31723626_lamp2.pdf,prospektus_utama,70,penawaran umum; obligasi; perseroan,True
20240910_INKP_Penyampaian Bukti Iklan Prospektus Ringkas Penawaran Umum Be,20240910_INKP_Penyampaian Bukti Iklan_31724266_lamp1.pdf,tidak_terbaca,0,,False
20240910_INKP_Prospektus Ringkas Penawaran Umum Berkelanjutan Obligasi Ber,20240910_INKP_Laporan Informasi dan Fakta Material_31724579_lamp1.pdf,tidak_terbaca,0,,False
20240910_INKP_Penyampaian Bukti Iklan Prospektus Ringkas Penawaran Umum Be,20240910_INKP_Penyampaian Bukti Iklan_31724266_lamp2.pdf,term_sheet_waran,10,waran,True
20240910_INKP_Prospektus Ringkas Penawaran Umum Berkelanjutan Obligasi Ber,20240910_INKP_Laporan Informasi dan Fakta Material_31724579_lamp2.pdf,prospektus_utama,100,penawaran umum; obligasi; sukuk; pendaftaran efek; perseroan,True
20240910_LPPI_Penyampaian Bukti Iklan Prospektus Ringkas Obligasi Berkelan,20240910_LPPI_Penyampaian Bukti Iklan_31724268_lamp1.pdf,tidak_terbaca,0,,False
20240911_HRTA_Penyampaian Bukti Iklan Perubahan dan_atau Tambahan Informas,20240911_HRTA_Penyampaian Bukti Iklan_31724964_lamp1.pdf,prospektus_utama,30,penawaran umum; obligasi; emiten; perseroan,True
20240910_LPPI_Prospektus Ringkas Obligasi Berkelanjutan III Lontar Papyrus,20240910_LPPI_Laporan Informasi dan Fakta Material_31724583_lamp2.pdf,prospektus_utama,100,penawaran umum; obligasi; sukuk; pendaftaran efek; perseroan,True
20240910_LPPI_Prospektus Ringkas Obligasi Berkelanjutan III Lontar Papyrus,20240910_LPPI_Laporan Informasi dan Fakta Material_31724583_lamp1.pdf,tidak_terbaca,0,,False
20240910_LPPI_Penyampaian Bukti Iklan Prospektus Ringkas Obligasi Berkelan,20240910_LPPI_Penyampaian Bukti Iklan_31724268_lamp2.pdf,prospektus_utama,70,penawaran umum; obligasi; perseroan,True
20240911_HRTA_Penyampaian Bukti Iklan Perubahan dan_atau Tambahan Informas,20240911_HRTA_Penyampaian Bukti Iklan_31724964_lamp2.pdf,bukti_iklan,30,bukti iklan,True
20240913_ASDF_Penyampaian Prospektus,20240913_ASDF_Penyampaian Prospektus_Informasi Tambahan_31725974_lamp1.pdf,prospektus_utama,70,penawaran umum; obligasi; perseroan,True
20240913_UNKNOWN_Penyampaian Perubahan Prospektus dan_atau Term Sheet Structu,20240913_HD_Penyampaian Prospektus_Informasi Tambahan_31725771_lamp1.pdf,term_sheet_waran,70,term sheet; waran terstruktur; waran,True
20240913_UNKNOWN_Penyampaian Perubahan Prospektus dan_atau Term Sheet Structu,20240913_HD_Penyampaian Prospektus_Informasi Tambahan_31725770_lamp1.pdf,term_sheet_waran,70,term sheet; waran terstruktur; waran,True
20240913_UNKNOWN_Penyampaian Perubahan Prospektus dan_atau Term Sheet Structu,20240913_HD_Penyampaian Prospektus_Informasi Tambahan_31725772_lamp1.pdf,term_sheet_waran,70,term sheet; waran terstruktur; waran,True
20240919_BFIN_Penyampaian Bukti Iklan Penyampaian Bukti Iklan Pemberitahua,20240919_BFIN_Penyampaian Bukti Iklan_31727077_lamp2.pdf,bukti_iklan,30,bukti iklan,True
20240919_BFIN_Penyampaian Bukti Iklan Penyampaian Bukti Iklan Pemberitahua,20240919_BFIN_Penyampaian Bukti Iklan_31727077_lamp1.pdf,tidak_terbaca,0,,False
20240919_BFIN_Penyampaian Bukti Iklan Penyampaian Bukti Iklan Pemberitahua,20240919_BFIN_Penyampaian Bukti Iklan_31727077_lamp3.pdf,bukti_iklan,30,bukti iklan,True
20240913_UNKNOWN_Penyampaian Perubahan Prospektus dan_atau Term Sheet Structu,20240913_HD_Penyampaian Prospektus_Informasi Tambahan_31725774_lamp1.pdf,term_sheet_waran,70,term sheet; waran terstruktur; waran,True
20240913_UNKNOWN_Penyampaian Perubahan Prospektus dan_atau Term Sheet Structu,20240913_HD_Penyampaian Prospektus_Informasi Tambahan_31725773_lamp1.pdf,term_sheet_waran,70,term sheet; waran terstruktur; waran,True
20240919_BFIN_Penyampaian Bukti Iklan Penyampaian Bukti Iklan Pemberitahua,20240919_BFIN_Penyampaian Bukti Iklan_31727077_lamp4.pdf,prospektus_utama,70,penawaran umum; obligasi; perseroan,True
20240923_HRTA_Penyampaian Dokumen Perubahan dan_atau Tambahan Informasi at,20240923_HRTA_Laporan Informasi dan Fakta Material_31727923_lamp1.pdf,prospektus_utama,90,penawaran umum; obligasi; sukuk,True
20240919_BFIN_Penyampaian Prospektus,20240919_BFIN_Penyampaian Prospektus_Informasi Tambahan_31727057_lamp1.pdf,prospektus_utama,70,penawaran umum; obligasi; perseroan,True
20240923_XPFT_Penyampaian Prospektus_Perubahan Prospektus,20240923_XPFT_Penyampaian Prospektus_ Perubahan Prospektus_31727950_lamp1.pdf,term_sheet_waran,10,waran,True
20240924_ADMF_Penyampaian Prospektus,20240924_ADMF_Penyampaian Prospektus_Informasi Tambahan_31728579_lamp1.pdf,tidak_teridentifikasi,0,,True
20240923_HRTA_Penyampaian Dokumen Perubahan dan_atau Tambahan Informasi at,20240923_HRTA_Laporan Informasi dan Fakta Material_31727923_lamp2.pdf,prospektus_ringkas,30,ringkas,True
20240924_ADMF_Penyampaian Prospektus (KOREKSI),20240924_ADMF_Penyampaian Prospektus_Informasi Tambahan_31728614_lamp1.pdf,tidak_teridentifikasi,0,,True
20240924_ADMF_Penyampaian Prospektus,20240924_ADMF_Penyampaian Prospektus_Informasi Tambahan_31728579_lamp2.pdf,informasi_tambahan,30,informasi tambahan,True
20240924_ADMF_Penyampaian Prospektus,20240924_ADMF_Penyampaian Prospektus_Informasi Tambahan_31728579_lamp3.pdf,tidak_teridentifikasi,0,,False
20240924_ADMF_Penyampaian Prospektus (KOREKSI),20240924_ADMF_Penyampaian Prospektus_Informasi Tambahan_31728615_lamp1.pdf,tidak_teridentifikasi,0,,True
20240924_ADMF_Penyampaian Prospektus (KOREKSI),20240924_ADMF_Penyampaian Prospektus_Informasi Tambahan_31728614_lamp2.pdf,informasi_tambahan,30,informasi tambahan,True
20240924_ADMF_Penyampaian Prospektus (KOREKSI),20240924_ADMF_Penyampaian Prospektus_Informasi Tambahan_31728615_lamp3.pdf,tidak_teridentifikasi,0,,False
20240925_HRTA_Penyampaian Bukti Iklan Perubahan dan_atau Tambahan Informas,20240925_HRTA_Penyampaian Bukti Iklan_31729081_lamp1.pdf,bukti_iklan,30,bukti iklan,True
20240924_ADMF_Penyampaian Prospektus (KOREKSI),20240924_ADMF_Penyampaian Prospektus_Informasi Tambahan_31728614_lamp3.pdf,tidak_teridentifikasi,0,,False
20240925_HRTA_Penyampaian Bukti Iklan Perubahan dan_atau Tambahan Informas,20240925_HRTA_Penyampaian Bukti Iklan_31729081_lamp2.pdf,prospektus_utama,30,penawaran umum; obligasi; emiten; perseroan,True
20240924_ADMF_Penyampaian Prospektus (KOREKSI),20240924_ADMF_Penyampaian Prospektus_Informasi Tambahan_31728615_lamp2.pdf,informasi_tambahan,30,informasi tambahan,True
20240928_XMGB_Penyampaian Prospektus_Perubahan Prospektus,20240930_BUMI_Laporan Informasi dan Fakta Material_31729941_lamp1.pdf,tidak_teridentifikasi,0,,True
20240928_XMGB_Penyampaian Prospektus_Perubahan Prospektus,20240930_BUMI_Laporan Informasi dan Fakta Material_31729941_lamp2.pdf,tidak_teridentifikasi,0,,True
20240928_XMGB_Penyampaian Prospektus_Perubahan Prospektus,20240928_XMGB_Penyampaian Prospektus_ Perubahan Prospektus_31729941_lamp1.pdf,tidak_teridentifikasi,0,,False
20241001_LPPI_Penyampaian Bukti Iklan Informasi Tambahan dan_atau Perbaika,20241001_LPPI_Penyampaian Bukti Iklan_31730382_lamp1.pdf,tidak_terbaca,0,,False
20241001_INKP_Penyampaian Bukti Iklan Penyampaian Bukti Iklan Informasi Ta,20241001_INKP_Penyampaian Bukti Iklan_31730381_lamp1.pdf,tidak_terbaca,0,,False
20241021_UNKNOWN_Keterbukaan Informasi terkait Prospektus Waran Terstruktur 2,20241021_DR_Keterbukaan Informasi_31747764_lamp1.pdf,term_sheet_waran,70,term sheet; waran terstruktur; waran,True
20241001_LPPI_Penyampaian Bukti Iklan Informasi Tambahan dan_atau Perbaika,20241001_LPPI_Penyampaian Bukti Iklan_31730382_lamp2.pdf,bukti_iklan,30,harian,True
20241024_TUFI_Penyampaian Prospektus,20241024_TUFI_Penyampaian Prospektus_Informasi Tambahan_31749338_lamp3.pdf,tidak_terbaca,0,,False
20241001_INKP_Penyampaian Bukti Iklan Penyampaian Bukti Iklan Informasi Ta,20241001_INKP_Penyampaian Bukti Iklan_31730381_lamp2.pdf,bukti_iklan,30,harian,True
20241024_TUFI_Penyampaian Prospektus,20241024_TUFI_Penyampaian Prospektus_Informasi Tambahan_31749338_lamp1.pdf,tidak_terbaca,0,,False
20241029_DSSA_Penyampaian Prospektus,20241029_DSSA_Penyampaian Prospektus_Informasi Tambahan_31750656_lamp1.pdf,informasi_tambahan,30,perubahan dan/atau tambahan,True
20241024_TUFI_Penyampaian Prospektus,20241024_TUFI_Penyampaian Prospektus_Informasi Tambahan_31749338_lamp2.pdf,informasi_tambahan,30,informasi tambahan,True
20241025_TAFS_Penyampaian Prospektus,20241025_TAFS_Penyampaian Prospektus_Informasi Tambahan_31749529_lamp1.pdf,informasi_tambahan,30,informasi tambahan,True
20241029_DSSA_Penyampaian Prospektus,20241029_DSSA_Penyampaian Prospektus_Informasi Tambahan_31750656_lamp2.pdf,informasi_tambahan,30,informasi tambahan,True
20241030_GMFI_Penyampaian Prospektus,20241030_GMFI_Penyampaian Prospektus_Informasi Tambahan_31750663_lamp1.pdf,tidak_teridentifikasi,0,,True
20241101_KAII_Penyampaian Bukti Iklan Prospektus Ringkas dalam rangka Pena,20241101_KAII_Penyampaian Bukti Iklan_31751987_lamp1.pdf,bukti_iklan,90,pengumuman; surat kabar; telah dipublikasikan,True
20241104_KAII_Penyampaian Prospektus Ringkas PUB II KAI Tahun 2024,20241104_KAII_Laporan Informasi dan Fakta Material_31753049_lamp1.pdf,prospektus_utama,100,penawaran umum; obligasi; sukuk; pendaftaran efek,True
20241112_TBIG_Penyampaian Prospektus,20241112_TBIG_Penyampaian Prospektus_Informasi Tambahan_31767269_lamp1.pdf,bukti_iklan,30,pengumuman,True
20241113_PTRO_Penyampaian Prospektus,20241113_PTRO_Penyampaian Prospektus_Informasi Tambahan_31767404_lamp1.pdf,tidak_terbaca,0,,False
20241112_TBIG_Penyampaian Prospektus,20241112_TBIG_Penyampaian Prospektus_Informasi Tambahan_31767269_lamp2.pdf,informasi_tambahan,30,informasi tambahan,True
20241113_PTRO_Penyampaian Prospektus,20241113_PTRO_Penyampaian Prospektus_Informasi Tambahan_31767404_lamp2.pdf,prospektus_utama,90,penawaran umum; obligasi; sukuk,True
20241119_SMII_Penyampaian Prospektus,20241119_SMII_Penyampaian Prospektus_Informasi Tambahan_31779386_lamp2.pdf,tidak_teridentifikasi,0,,False
20241119_SMII_Penyampaian Prospektus,20241119_SMII_Penyampaian Prospektus_Informasi Tambahan_31779386_lamp1.pdf,informasi_tambahan,30,informasi tambahan,True
20241114_KAII_Penyampaian Bukti Publikasi Informasi Tambahan dan_atau Perb,20241114_KAII_Laporan Informasi dan Fakta Material_31768214_lamp1.pdf,bukti_iklan,90,surat kabar; telah dipublikasikan; harian,True
20241120_HRTA_Penyampaian Dokumen Perubahan dan_atau Tambahan Informasi at,20241120_HRTA_Laporan Informasi dan Fakta Material_31779729_lamp2.pdf,prospektus_ringkas,30,ringkas,True
20241120_HRTA_Penyampaian Dokumen Perubahan dan_atau Tambahan Informasi at,20241120_HRTA_Laporan Informasi dan Fakta Material_31779729_lamp1.pdf,term_sheet_waran,10,waran,True
20241121_DSSA_Penyampaian Prospektus,20241121_DSSA_Penyampaian Prospektus_Informasi Tambahan_31780142_lamp1.pdf,informasi_tambahan,30,perubahan dan/atau tambahan,True
20241121_FMFN_Penyampaian Bukti Iklan Prospektus Ringkas,20241121_FMFN_Penyampaian Bukti Iklan_31780186_lamp1.pdf,tidak_terbaca,0,,False
20241121_DSSA_Penyampaian Prospektus,20241121_DSSA_Penyampaian Prospektus_Informasi Tambahan_31780142_lamp2.pdf,informasi_tambahan,60,informasi tambahan; perbaikan atas,True
20241121_FMFN_Penyampaian Bukti Iklan Prospektus Ringkas,20241121_FMFN_Penyampaian Bukti Iklan_31780186_lamp2.pdf,bukti_iklan,60,bukti iklan; harian,True
20241122_HRTA_Penyampaian Bukti Iklan Penyampaian Bukti Iklan Perubahan da,20241122_HRTA_Penyampaian Bukti Iklan_31780645_lamp2.pdf,bukti_iklan,30,bukti iklan,True
20241122_HRTA_Penyampaian Bukti Iklan Penyampaian Bukti Iklan Perubahan da,20241122_HRTA_Penyampaian Bukti Iklan_31780645_lamp1.pdf,prospektus_utama,30,penawaran umum; obligasi; emiten; perseroan,True
20241129_MDKA_Penyampaian Bukti Iklan Penyampaian Bukti Iklan Pengumuman P,20241129_MDKA_Penyampaian Bukti Iklan_31792735_lamp1.pdf,prospektus_utama,80,penawaran umum; obligasi; pendaftaran efek; perseroan,True
20241129_ADRO_Penyampaian Prospektus,20241129_ADRO_Penyampaian Prospektus_Informasi Tambahan_31792715_lamp1.pdf,prospektus_utama,40,penawaran umum; perseroan,True
20241121_FMFN_Penyampaian Bukti Iklan Prospektus Ringkas,20241121_FMFN_Penyampaian Bukti Iklan_31780186_lamp3.pdf,term_sheet_waran,10,waran,True
20241129_MDKA_Penyampaian Bukti Iklan Penyampaian Bukti Iklan Pengumuman P,20241129_MDKA_Penyampaian Bukti Iklan_31792735_lamp2.pdf,bukti_iklan,90,bukti iklan; pengumuman; harian,True
20241204_BJBR_Penyampaian Bukti Iklan Prospektus Ringkas dalam rangka Pena,20241204_BJBR_Penyampaian Bukti Iklan_31804995_lamp1.pdf,tidak_terbaca,0,,False
20241204_BJBR_Penyampaian Bukti Iklan Prospektus Ringkas dalam rangka Pena,20241204_BJBR_Penyampaian Bukti Iklan_31805003_lamp1.pdf,tidak_terbaca,0,,False
20241204_BJBR_Penyampaian Bukti Iklan Prospektus Ringkas dalam rangka Pena,20241204_BJBR_Penyampaian Bukti Iklan_31804995_lamp3.pdf,tidak_terbaca,0,,False
20241130_BTPN_Penyampaian Prospektus,20241130_BTPN_Penyampaian Prospektus_Informasi Tambahan_31803149_lamp1.pdf,informasi_tambahan,30,informasi tambahan,True
20241204_BJBR_Penyampaian Bukti Iklan Prospektus Ringkas dalam rangka Pena,20241204_BJBR_Penyampaian Bukti Iklan_31805003_lamp3.pdf,tidak_terbaca,0,,False
20241204_BJBR_Penyampaian Bukti Iklan Prospektus Ringkas dalam rangka Pena,20241204_BJBR_Penyampaian Bukti Iklan_31804995_lamp2.pdf,term_sheet_waran,10,waran,True
20241204_BJBR_Penyampaian Prospektus,20241204_BJBR_Penyampaian Prospektus_Informasi Tambahan_31804988_lamp3.pdf,term_sheet_waran,10,waran,True
20241204_BJBR_Penyampaian Prospektus,20241204_BJBR_Penyampaian Prospektus_Informasi Tambahan_31804988_lamp1.pdf,tidak_terbaca,0,,False
20241204_BJBR_Penyampaian Prospektus,20241204_BJBR_Penyampaian Prospektus_Informasi Tambahan_31804988_lamp2.pdf,prospektus_utama,70,penawaran umum; obligasi; perseroan,True
20241204_BJBR_Penyampaian Prospektus,20241204_BJBR_Penyampaian Prospektus_Informasi Tambahan_31805002_lamp1.pdf,tidak_terbaca,0,,False
20241204_BJBR_Penyampaian Bukti Iklan Prospektus Ringkas dalam rangka Pena,20241204_BJBR_Penyampaian Bukti Iklan_31805003_lamp2.pdf,term_sheet_waran,10,waran,True
20241204_MEDC_Penyampaian Prospektus,20241204_MEDC_Penyampaian Prospektus_Informasi Tambahan_31805187_lamp1.pdf,tidak_teridentifikasi,0,,False
20241209_PTRO_Penyampaian Prospektus,20241209_PTRO_Penyampaian Prospektus_Informasi Tambahan_31817131_lamp1.pdf,tidak_terbaca,0,,False
20241204_BJBR_Penyampaian Prospektus,20241204_BJBR_Penyampaian Prospektus_Informasi Tambahan_31805002_lamp2.pdf,prospektus_utama,40,penawaran umum; perseroan,True
20241204_BJBR_Penyampaian Prospektus,20241204_BJBR_Penyampaian Prospektus_Informasi Tambahan_31805002_lamp3.pdf,prospektus_utama,40,penawaran umum; perseroan,True
20241204_MEDC_Penyampaian Prospektus,20241204_MEDC_Penyampaian Prospektus_Informasi Tambahan_31805187_lamp2.pdf,informasi_tambahan,30,informasi tambahan,True
20241212_FMFN_Informasi Tambahan dan_atau Perbaikan atas Prospektus Ringka,20241212_FMFN_Laporan Informasi dan Fakta Material_31818686_lamp1.pdf,term_sheet_waran,10,waran,True
20241209_PTRO_Penyampaian Prospektus,20241209_PTRO_Penyampaian Prospektus_Informasi Tambahan_31817131_lamp2.pdf,prospektus_utama,90,penawaran umum; obligasi; sukuk,True
20241212_BCAP_Penyampaian Bukti Iklan Prospektus Ringkas - Penawaran Umum,20241212_BCAP_Penyampaian Bukti Iklan_31818626_lamp2.pdf,tidak_teridentifikasi,0,,True
20241212_FMFN_Informasi Tambahan dan_atau Perbaikan atas Prospektus Ringka,20241212_FMFN_Laporan Informasi dan Fakta Material_31818686_lamp2.pdf,tidak_terbaca,0,,False
20241212_PIDL_Penyampaian Bukti Iklan Prospektus Ringkas Penawaran Umum Be,20241212_PIDL_Penyampaian Bukti Iklan_31818566_lamp1.pdf,tidak_terbaca,0,,False
20241212_FMFN_Informasi Tambahan dan_atau Perbaikan atas Prospektus Ringka,20241212_FMFN_Laporan Informasi dan Fakta Material_31818686_lamp3.pdf,bukti_iklan,60,bukti iklan; harian,True
20241212_BCAP_Penyampaian Bukti Iklan Prospektus Ringkas - Penawaran Umum,20241212_BCAP_Penyampaian Bukti Iklan_31818626_lamp1.pdf,term_sheet_waran,10,waran,True
20241216_GMFI_Penyampaian Prospektus,20241216_GMFI_Penyampaian Prospektus_Informasi Tambahan_31829300_lamp1.pdf,tidak_terbaca,0,,False
20241212_PIDL_Penyampaian Bukti Iklan Prospektus Ringkas Penawaran Umum Be,20241212_PIDL_Penyampaian Bukti Iklan_31818566_lamp2.pdf,prospektus_utama,70,penawaran umum; obligasi; perseroan,True
20241218_MDKA_Penyampaian Bukti Iklan Informasi Tambahan dan_atau Perbaika,20241218_MDKA_Penyampaian Bukti Iklan_31829931_lamp1.pdf,tidak_terbaca,0,,False
20241216_GMFI_Penyampaian Prospektus,20241216_GMFI_Penyampaian Prospektus_Informasi Tambahan_31829300_lamp2.pdf,informasi_tambahan,10,perubahan informasi,True
20241220_SMMA_Penyampaian Prospektus,20241220_SMMA_Penyampaian Prospektus_Informasi Tambahan_31830425_lamp1.pdf,term_sheet_waran,10,waran,True
20241223_TRIM_Penyampaian Prospektus,20241223_TRIM_Penyampaian Prospektus_Informasi Tambahan_31830876_lamp1.pdf,informasi_tambahan,30,informasi tambahan,True
20241220_SMMA_Penyampaian Prospektus,20241220_SMMA_Penyampaian Prospektus_Informasi Tambahan_31830425_lamp2.pdf,informasi_tambahan,30,informasi tambahan,True
20241218_MDKA_Penyampaian Bukti Iklan Informasi Tambahan dan_atau Perbaika,20241218_MDKA_Penyampaian Bukti Iklan_31829931_lamp2.pdf,informasi_tambahan,60,informasi tambahan; perbaikan atas,True
20241223_TRIM_Penyampaian Prospektus,20241223_TRIM_Penyampaian Prospektus_Informasi Tambahan_31830876_lamp2.pdf,informasi_tambahan,30,informasi tambahan,True
20241231_PIDL_Penyampaian Bukti Iklan Informasi Tambahan dan_atau Perbaika,20241231_PIDL_Penyampaian Bukti Iklan_31841979_lamp1.pdf,bukti_iklan,90,bukti iklan; surat kabar; harian,True
20250101_SMMA_Penyampaian Prospektus (KOREKSI),20250801_SMMA_Penyampaian Prospektus_Informasi Tambahan_31929428_lamp1.pdf,informasi_tambahan,30,informasi tambahan,True
20250101_SMMA_Penyampaian Prospektus,20250801_SMMA_Penyampaian Prospektus_Informasi Tambahan_31929403_lamp1.pdf,informasi_tambahan,30,informasi tambahan,True
20241231_PIDL_Penyampaian Bukti Iklan Informasi Tambahan dan_atau Perbaika,20241231_PIDL_Penyampaian Bukti Iklan_31841979_lamp2.pdf,term_sheet_waran,10,waran,True
20250102_BCAP_Penyampaian Bukti Iklan Informasi Tambahan dan_atau Perbaika,20241231_BCAP_Penyampaian Bukti Iklan_31841969_lamp1.pdf,tidak_teridentifikasi,0,,False
20250107_PALM_Penyampaian Prospektus,20250807_PALM_Penyampaian Prospektus_Informasi Tambahan_31931475_lamp2.pdf,informasi_tambahan,30,informasi tambahan,True
20250107_PALM_Penyampaian Prospektus,20250807_PALM_Penyampaian Prospektus_Informasi Tambahan_31931475_lamp1.pdf,prospektus_utama,70,penawaran umum; obligasi; perseroan,True
20250111_BBKP_Penyampaian Prospektus,20250811_BBKP_Penyampaian Prospektus_Informasi Tambahan_31932263_lamp1.pdf,prospektus_utama,70,penawaran umum; obligasi; perseroan,True
20250111_BBKP_Penyampaian Prospektus,20250811_BBKP_Penyampaian Prospektus_Informasi Tambahan_31932263_lamp2.pdf,term_sheet_waran,10,waran,True
20250102_BCAP_Penyampaian Bukti Iklan Informasi Tambahan dan_atau Perbaika,20241231_BCAP_Penyampaian Bukti Iklan_31841969_lamp2.pdf,tidak_teridentifikasi,0,,False
20250106_IATA_Prospektus Ringkas Penawaran Umum Terbatas III PT MNC Energy,20250106_IATA_Laporan Informasi dan Fakta Material_31843115_lamp1.pdf,term_sheet_waran,10,waran,True
20250111_PNBN_Penyampaian Prospektus,20250811_PNBN_Penyampaian Prospektus_Informasi Tambahan_31932183_lamp1.pdf,tidak_terbaca,0,,False
20250112_CNAF_Penyampaian Prospektus,20250812_CNAF_Penyampaian Prospektus_Informasi Tambahan_31932404_lamp1.pdf,tidak_terbaca,0,,False
20250111_PNBN_Penyampaian Prospektus,20250811_PNBN_Penyampaian Prospektus_Informasi Tambahan_31932183_lamp2.pdf,informasi_tambahan,30,informasi tambahan,True
20250112_CNAF_Penyampaian Prospektus,20250812_CNAF_Penyampaian Prospektus_Informasi Tambahan_31932404_lamp2.pdf,informasi_tambahan,30,informasi tambahan,True
20250113_BTPN_Penyampaian Prospektus,20250813_BTPN_Penyampaian Prospektus_Informasi Tambahan_31932743_lamp2.pdf,tidak_teridentifikasi,0,,False
20250113_BTPN_Penyampaian Prospektus,20250813_BTPN_Penyampaian Prospektus_Informasi Tambahan_31932743_lamp1.pdf,informasi_tambahan,30,informasi tambahan,True
20250113_BTPN_Penyampaian Prospektus,20250813_BTPN_Penyampaian Prospektus_Informasi Tambahan_31932753_lamp1.pdf,tidak_teridentifikasi,0,,False
20250113_SMMA_Penyampaian Prospektus,20250813_SMMA_Penyampaian Prospektus_Informasi Tambahan_31932605_lamp1.pdf,informasi_tambahan,60,informasi tambahan; perbaikan atas,True
20250113_XPDV_Penyampaian Prospektus_Perubahan Prospektus,20250813_XPDV_Penyampaian Prospektus_ Perubahan Prospektus_31932773_lamp1.pdf,tidak_teridentifikasi,0,,True
20250113_SMMA_Penyampaian Prospektus,20250113_SMMA_Penyampaian Prospektus_Informasi Tambahan_31845332_lamp1.pdf,informasi_tambahan,60,informasi tambahan; perbaikan atas,True
20250113_XPSG_Penyampaian Prospektus_Perubahan Prospektus,20250813_XPSG_Penyampaian Prospektus_ Perubahan Prospektus_31932767_lamp1.pdf,tidak_teridentifikasi,0,,True
20250113_XPLQ_Penyampaian Prospektus_Perubahan Prospektus(KOREKSI),20250813_XPLQ_Penyampaian Prospektus_ Perubahan Prospektus_31932775_lamp1.pdf,tidak_teridentifikasi,0,,True
20250113_BTPN_Penyampaian Prospektus,20250813_BTPN_Penyampaian Prospektus_Informasi Tambahan_31932753_lamp2.pdf,informasi_tambahan,30,informasi tambahan,True
20250113_XPFT_Penyampaian Prospektus_Perubahan Prospektus,20250813_XPFT_Penyampaian Prospektus_ Perubahan Prospektus_31932774_lamp1.pdf,tidak_teridentifikasi,0,,True
20250120_JSMR_Penyampaian Prospektus,20250820_JSMR_Penyampaian Prospektus_Informasi Tambahan_31934082_lamp1.pdf,tidak_terbaca,0,,False
20250115_PPGD_Penyampaian Prospektus,20250815_PPGD_Penyampaian Prospektus_Informasi Tambahan_31933347_lamp1.pdf,tidak_teridentifikasi,0,,False
20250116_MEDP_Penyampaian Prospektus,20250116_MEDP_Penyampaian Prospektus_Informasi Tambahan_31846310_lamp1.pdf,informasi_tambahan,30,informasi tambahan,True
20250115_PPGD_Penyampaian Prospektus,20250815_PPGD_Penyampaian Prospektus_Informasi Tambahan_31933347_lamp2.pdf,informasi_tambahan,30,informasi tambahan,True
20250120_JSMR_Penyampaian Prospektus,20250820_JSMR_Penyampaian Prospektus_Informasi Tambahan_31934082_lamp2.pdf,informasi_tambahan,30,informasi tambahan,True
20250121_BSDE_Penyampaian Bukti Iklan Prospektus Ringkas PT Bumi Serpong D,20250821_BSDE_Penyampaian Bukti Iklan_31934191_lamp1.pdf,tidak_terbaca,0,,False
20250121_HRTA_Penyampaian Bukti Iklan Bukti Iklan atas Perubahan dan_atau,20250117_HRTA_Penyampaian Bukti Iklan_31846348_lamp2.pdf,bukti_iklan,30,bukti iklan,True
20250121_HRTA_Penyampaian Bukti Iklan Bukti Iklan atas Perubahan dan_atau,20250117_HRTA_Penyampaian Bukti Iklan_31846348_lamp1.pdf,prospektus_utama,30,penawaran umum; obligasi; emiten; perseroan,True
20250121_BSDE_Penyampaian Bukti Iklan Prospektus Ringkas PT Bumi Serpong D,20250821_BSDE_Penyampaian Bukti Iklan_31934191_lamp2.pdf,tidak_teridentifikasi,0,,False
20250121_PALM_Penyampaian Prospektus,20250821_PALM_Penyampaian Prospektus_Informasi Tambahan_31934204_lamp1.pdf,informasi_tambahan,60,informasi tambahan; perbaikan atas,True
20250121_PALM_Penyampaian Prospektus,20250821_PALM_Penyampaian Prospektus_Informasi Tambahan_31934204_lamp2.pdf,informasi_tambahan,60,informasi tambahan; perbaikan atas,True
20250122_TBIG_Penyampaian Prospektus,20250122_TBIG_Penyampaian Prospektus_Informasi Tambahan_31847461_lamp1.pdf,bukti_iklan,30,pengumuman,True
20250124_ADMF_Penyampaian Prospektus,20250124_ADMF_Penyampaian Prospektus_Informasi Tambahan_31848055_lamp2.pdf,tidak_teridentifikasi,0,,True
20250122_TBIG_Penyampaian Prospektus,20250122_TBIG_Penyampaian Prospektus_Informasi Tambahan_31847461_lamp2.pdf,informasi_tambahan,30,informasi tambahan,True
20250126_PNBN_Penyampaian Prospektus,20250826_PNBN_Penyampaian Prospektus_Informasi Tambahan_31935090_lamp1.pdf,tidak_terbaca,0,,False
20250124_ADMF_Penyampaian Prospektus,20250124_ADMF_Penyampaian Prospektus_Informasi Tambahan_31848055_lamp1.pdf,tidak_teridentifikasi,0,,False
20250124_ADMF_Penyampaian Prospektus,20250124_ADMF_Penyampaian Prospektus_Informasi Tambahan_31848055_lamp3.pdf,informasi_tambahan,30,informasi tambahan,True
20250127_BBKP_Penyampaian Prospektus,20250827_BBKP_Penyampaian Prospektus_Informasi Tambahan_31935348_lamp1.pdf,tidak_terbaca,0,,False
20250127_BBKP_Penyampaian Prospektus,20250827_BBKP_Penyampaian Prospektus_Informasi Tambahan_31935348_lamp2.pdf,prospektus_utama,70,penawaran umum; obligasi; perseroan,True
20250127_FIFA_Penyampaian Prospektus,20250827_FIFA_Penyampaian Prospektus_Informasi Tambahan_31935406_lamp2.pdf,term_sheet_waran,10,waran,True
20250126_PNBN_Penyampaian Prospektus,20250826_PNBN_Penyampaian Prospektus_Informasi Tambahan_31935090_lamp2.pdf,informasi_tambahan,60,informasi tambahan; perbaikan atas,True
20250127_PPGD_Penyampaian Prospektus,20250827_PPGD_Penyampaian Prospektus_Informasi Tambahan_31935503_lamp1.pdf,tidak_terbaca,0,,False
20250127_FIFA_Penyampaian Prospektus,20250827_FIFA_Penyampaian Prospektus_Informasi Tambahan_31935406_lamp1.pdf,informasi_tambahan,30,informasi tambahan,True
20250128_BBKP_Penyampaian Prospektus,20250828_BBKP_Penyampaian Prospektus_Informasi Tambahan_31935768_lamp1.pdf,tidak_terbaca,0,,False
20250127_PPGD_Penyampaian Prospektus,20250827_PPGD_Penyampaian Prospektus_Informasi Tambahan_31935503_lamp2.pdf,informasi_tambahan,40,informasi tambahan; perubahan informasi,True
20250128_BBKP_Penyampaian Prospektus,20250828_BBKP_Penyampaian Prospektus_Informasi Tambahan_31935768_lamp2.pdf,informasi_tambahan,60,informasi tambahan; perbaikan atas,True
20250203_MEDP_Penyampaian Prospektus,20250203_MEDP_Penyampaian Prospektus_Informasi Tambahan_31849025_lamp1.pdf,tidak_teridentifikasi,0,,False
20250203_MEDP_Penyampaian Prospektus,20250203_MEDP_Penyampaian Prospektus_Informasi Tambahan_31849025_lamp3.pdf,tidak_terbaca,0,,False
20250204_MEDP_Penyampaian Prospektus,20250204_MEDP_Penyampaian Prospektus_Informasi Tambahan_31849465_lamp2.pdf,informasi_tambahan,40,informasi tambahan; penambahan informasi,True
20250204_MEDP_Penyampaian Prospektus,20250204_MEDP_Penyampaian Prospektus_Informasi Tambahan_31849465_lamp1.pdf,tidak_teridentifikasi,0,,False
20250203_MEDP_Penyampaian Prospektus,20250203_MEDP_Penyampaian Prospektus_Informasi Tambahan_31849025_lamp2.pdf,informasi_tambahan,40,informasi tambahan; penambahan informasi,True
20250203_MEDP_Penyampaian Prospektus,20250203_MEDP_Penyampaian Prospektus_Informasi Tambahan_31849025_lamp4.pdf,tidak_terbaca,0,,False
20250204_MEDP_Penyampaian Prospektus,20250204_MEDP_Penyampaian Prospektus_Informasi Tambahan_31849465_lamp3.pdf,tidak_terbaca,0,,False
20250206_XBES_Penyampaian Prospektus_Perubahan Prospektus,20250204_XBES_Penyampaian Prospektus_ Perubahan Prospektus_31849463_lamp1.pdf,tidak_terbaca,0,,False
20250219_CNAF_Penyampaian Prospektus,20250219_CNAF_Penyampaian Prospektus_Informasi Tambahan_31863606_lamp1.pdf,tidak_terbaca,0,,False
20250219_CNAF_Penyampaian Prospektus,20250219_CNAF_Penyampaian Prospektus_Informasi Tambahan_31863606_lamp2.pdf,informasi_tambahan,30,informasi tambahan,True
20250224_ASDF_Penyampaian Prospektus,20250224_ASDF_Penyampaian Prospektus_Informasi Tambahan_31864467_lamp1.pdf,tidak_teridentifikasi,0,,False
20250224_ASDF_Penyampaian Prospektus,20250224_ASDF_Penyampaian Prospektus_Informasi Tambahan_31864467_lamp2.pdf,prospektus_utama,70,penawaran umum; obligasi; perseroan,True
20250225_OPPM_Penyampaian Bukti Iklan Prospektus Ringkas Obligasi Berkelan,20250225_OPPM_Penyampaian Bukti Iklan_31864520_lamp1.pdf,tidak_terbaca,0,,False
20250212_TAFS_Penyampaian Prospektus,20250212_TAFS_Penyampaian Prospektus_Informasi Tambahan_31861890_lamp1.pdf,informasi_tambahan,30,informasi tambahan,True
20250226_OPPM_Penyampaian Bukti Iklan Pengumuman Informasi Tambahan dan_at,20250226_OPPM_Penyampaian Bukti Iklan_31864721_lamp1.pdf,tidak_terbaca,0,,False
20250303_PTRO_Penyampaian Prospektus,20250303_PTRO_Penyampaian Prospektus_Informasi Tambahan_31865803_lamp1.pdf,tidak_terbaca,0,,False
20250226_OPPM_Penyampaian Bukti Iklan Pengumuman Informasi Tambahan dan_at,20250226_OPPM_Penyampaian Bukti Iklan_31864721_lamp2.pdf,tidak_teridentifikasi,0,,True
20250225_OPPM_Penyampaian Bukti Iklan Prospektus Ringkas Obligasi Berkelan,20250225_OPPM_Penyampaian Bukti Iklan_31864520_lamp2.pdf,term_sheet_waran,10,waran,True
20250303_PTRO_Penyampaian Prospektus,20250303_PTRO_Penyampaian Prospektus_Informasi Tambahan_31865803_lamp2.pdf,informasi_tambahan,30,informasi tambahan,True
20250305_TBIG_Penyampaian Prospektus,20250305_TBIG_Penyampaian Prospektus_Informasi Tambahan_31866371_lamp1.pdf,tidak_teridentifikasi,0,,False
20250304_BMRI_Penyampaian Prospektus,20250304_BMRI_Penyampaian Prospektus_Informasi Tambahan_31866147_lamp1.pdf,informasi_tambahan,30,informasi tambahan,True
20250310_FASW_Penyampaian Prospektus,20250310_FASW_Penyampaian Prospektus_Informasi Tambahan_31867990_lamp1.pdf,tidak_teridentifikasi,0,,True
20250307_KAII_Penyampaian Prospektus,20250307_KAII_Penyampaian Prospektus_Informasi Tambahan_31867349_lamp1.pdf,informasi_tambahan,30,informasi tambahan,True
20250305_TBIG_Penyampaian Prospektus,20250305_TBIG_Penyampaian Prospektus_Informasi Tambahan_31866371_lamp2.pdf,informasi_tambahan,30,informasi tambahan,True
20250311_SMII_Penyampaian Prospektus,20250311_SMII_Penyampaian Prospektus_Informasi Tambahan_31868236_lamp1.pdf,informasi_tambahan,30,informasi tambahan,True
20250310_OTMA_Penyampaian Prospektus,20250310_OTMA_Penyampaian Prospektus_Informasi Tambahan_31867987_lamp1.pdf,informasi_tambahan,60,informasi tambahan; perubahan dan/atau tambahan,True
20250313_PTRO_Penyampaian Prospektus,20250313_PTRO_Penyampaian Prospektus_Informasi Tambahan_31868682_lamp1.pdf,tidak_terbaca,0,,False
20250320_OPPM_Penyampaian Bukti Iklan Informasi Tambahan dan_atau Perbaika,20250320_OPPM_Penyampaian Bukti Iklan_31869884_lamp1.pdf,tidak_terbaca,0,,False
20250317_FIFA_Penyampaian Prospektus,20250317_FIFA_Penyampaian Prospektus_Informasi Tambahan_31869183_lamp1.pdf,informasi_tambahan,30,informasi tambahan,True
20250317_FIFA_Penyampaian Prospektus,20250317_FIFA_Penyampaian Prospektus_Informasi Tambahan_31869183_lamp2.pdf,term_sheet_waran,10,waran,True
20250313_PTRO_Penyampaian Prospektus,20250313_PTRO_Penyampaian Prospektus_Informasi Tambahan_31868682_lamp2.pdf,informasi_tambahan,30,informasi tambahan,True
20250320_OPPM_Prospektus Ringkas Penawaran Umum Berkelanjutan Obligasi Ber,20250320_OPPM_Laporan Informasi dan Fakta Material_31869922_lamp1.pdf,prospektus_utama,90,penawaran umum; obligasi; sukuk,True
20250320_OPPM_Penyampaian Bukti Iklan Informasi Tambahan dan_atau Perbaika,20250320_OPPM_Penyampaian Bukti Iklan_31869884_lamp2.pdf,bukti_iklan,60,telah dipublikasikan; harian,True
20250320_OPPM_Prospektus Ringkas Penawaran Umum Berkelanjutan Obligasi Ber,20250320_OPPM_Laporan Informasi dan Fakta Material_31869922_lamp2.pdf,bukti_iklan,60,telah dipublikasikan; harian,True
20250324_OPPM_Penyampaian Bukti Iklan Pengumuman Informasi Tambahan dan_at,20250321_OPPM_Penyampaian Bukti Iklan_31870390_lamp1.pdf,bukti_iklan,100,bukti iklan; pengumuman; surat kabar; harian,True
20250324_OPPM_Penyampaian Bukti Iklan Pengumuman Informasi Tambahan dan_at,20250321_OPPM_Penyampaian Bukti Iklan_31870390_lamp2.pdf,tidak_teridentifikasi,0,,True
20250321_KAII_Penyampaian Prospektus,20250321_KAII_Penyampaian Prospektus_Informasi Tambahan_31870434_lamp1.pdf,informasi_tambahan,60,informasi tambahan; perbaikan atas,True
20250325_OTMA_Penyampaian Prospektus,20250325_OTMA_Penyampaian Prospektus_Informasi Tambahan_31871084_lamp2.pdf,term_sheet_waran,10,waran,True
20250410_WIFI_Penyampaian Prospektus,20250410_WIFI_Penyampaian Prospektus_Informasi Tambahan_31874789_lamp1.pdf,tidak_teridentifikasi,0,,True
20250325_OTMA_Penyampaian Prospektus,20250325_OTMA_Penyampaian Prospektus_Informasi Tambahan_31871084_lamp1.pdf,informasi_tambahan,60,informasi tambahan; perbaikan atas,True
20250414_UNKNOWN_Penyampaian Prospektus Waran Terstuktur (KOREKSI),20250414_ZP_Penyampaian Prospektus_Informasi Tambahan_31875472_lamp1.pdf,term_sheet_waran,70,term sheet; waran terstruktur; waran,True
20250414_UNKNOWN_Penyampaian Prospektus Waran Terstuktur,20250414_ZP_Penyampaian Prospektus_Informasi Tambahan_31875413_lamp1.pdf,term_sheet_waran,70,term sheet; waran terstruktur; waran,True
20250410_WIFI_Penyampaian Prospektus,20250410_WIFI_Penyampaian Prospektus_Informasi Tambahan_31874789_lamp2.pdf,informasi_tambahan,10,perubahan informasi,True
20250416_ISSP_Penyampaian Prospektus,20250416_ISSP_Penyampaian Prospektus_Informasi Tambahan_31875955_lamp1.pdf,tidak_terbaca,0,,False
20250421_BEKS_Penyampaian Bukti Iklan Penyampaian Bukti Iklan Prospektus R,20250421_BEKS_Penyampaian Bukti Iklan_31876743_lamp1.pdf,bukti_iklan,30,bukti iklan,True
20250416_ISSP_Penyampaian Prospektus,20250416_ISSP_Penyampaian Prospektus_Informasi Tambahan_31875955_lamp2.pdf,prospektus_utama,100,penawaran umum; obligasi; sukuk; perseroan,True
20250418_BEKS_Prospektus Ringkas Penambahan Modal Dengan Memberikan Hak Me,20250418_BEKS_Laporan Informasi dan Fakta Material_31876514_lamp1.pdf,prospektus_utama,50,penawaran umum; emiten; perseroan,True
20250421_LPCK_Penyampaian Prospektus,20250417_LPCK_Penyampaian Prospektus_Informasi Tambahan_31876367_lamp1.pdf,tidak_teridentifikasi,0,,True
20250422_MEDC_Penyampaian Prospektus,20250422_MEDC_Penyampaian Prospektus_Informasi Tambahan_31876946_lamp1.pdf,tidak_terbaca,0,,False
20250418_BEKS_Prospektus Ringkas Penambahan Modal Dengan Memberikan Hak Me,20250418_BEKS_Laporan Informasi dan Fakta Material_31876514_lamp2.pdf,prospektus_ringkas,30,ringkas,True
20250421_LPCK_Penyampaian Prospektus,20250417_LPCK_Penyampaian Prospektus_Informasi Tambahan_31876367_lamp2.pdf,prospektus_utama,10,perseroan,True
20250428_MEDP_Pemberitahuan atas Prospektus Ringkas dalam rangka Penawaran,20250426_MEDP_Laporan Informasi dan Fakta Material_31878371_lamp1.pdf,prospektus_utama,80,penawaran umum; obligasi; emiten; perseroan,True
20250422_MEDC_Penyampaian Prospektus,20250422_MEDC_Penyampaian Prospektus_Informasi Tambahan_31876946_lamp2.pdf,prospektus_utama,100,penawaran umum; obligasi; sukuk; perseroan,True
20250430_MEDP_Penyampaian Prospektus,20250430_MEDP_Penyampaian Prospektus_Informasi Tambahan_31880116_lamp1.pdf,informasi_tambahan,30,perubahan dan/atau tambahan,True
20250428_MEDP_Pemberitahuan atas Prospektus Ringkas dalam rangka Penawaran,20250426_MEDP_Laporan Informasi dan Fakta Material_31878371_lamp2.pdf,term_sheet_waran,10,waran,True
20250430_IMJS_Prospektus Ringkas Penawaran Umum Terbatas IV Kepada Para Pe,20250430_IMJS_Laporan Informasi dan Fakta Material_31879954_lamp1.pdf,prospektus_utama,40,penawaran umum; perseroan,True
20250502_IMJS_Penyampaian Bukti Iklan Pengumuman Prospektus Ringkas Dalam,20250502_IMJS_Penyampaian Bukti Iklan_31881361_lamp1.pdf,bukti_iklan,60,bukti iklan; pengumuman,True
20250423_BEKS_Prospektus Ringkas Penambahan Modal Dengan Memberikan Hak Me,20250423_BEKS_Laporan Informasi dan Fakta Material_31877457_lamp1.pdf,prospektus_ringkas,30,ringkas,True
20250430_MEDP_Penyampaian Prospektus,20250430_MEDP_Penyampaian Prospektus_Informasi Tambahan_31880116_lamp2.pdf,bukti_iklan,30,telah dipublikasikan,True
20250507_POST_Penyampaian Prospektus,20250507_POST_Penyampaian Prospektus_Informasi Tambahan_31883864_lamp1.pdf,term_sheet_waran,10,waran,True
20250514_CARE_Pemberitahuan atas Prospektus Ringkas dalam rangka Penawaran,20250514_CARE_Laporan Informasi dan Fakta Material_31885516_lamp1.pdf,prospektus_utama,80,penawaran umum; sukuk; pendaftaran efek; perseroan,True
20250514_CARE_Pemberitahuan atas Prospektus Ringkas dalam rangka Penawaran,20250514_CARE_Laporan Informasi dan Fakta Material_31885524_lamp1.pdf,tidak_terbaca,0,,False
20250507_POST_Penyampaian Prospektus,20250507_POST_Penyampaian Prospektus_Informasi Tambahan_31883864_lamp2.pdf,informasi_tambahan,60,informasi tambahan; perubahan dan/atau tambahan,True
20250514_CARE_Pemberitahuan atas Prospektus Ringkas dalam rangka Penawaran,20250514_CARE_Laporan Informasi dan Fakta Material_31885516_lamp2.pdf,tidak_terbaca,0,,False
20250514_CARE_Penyampaian Bukti Iklan Pemberitahuan atas Prospektus Ringka,20250514_CARE_Penyampaian Bukti Iklan_31885615_lamp1.pdf,tidak_terbaca,0,,False
20250514_CARE_Penyampaian Bukti Iklan Pemberitahuan atas Prospektus Ringka,20250514_CARE_Penyampaian Bukti Iklan_31885615_lamp2.pdf,tidak_terbaca,0,,False
20250514_CARE_Pemberitahuan atas Prospektus Ringkas dalam rangka Penawaran,20250514_CARE_Laporan Informasi dan Fakta Material_31885524_lamp2.pdf,prospektus_utama,80,penawaran umum; sukuk; pendaftaran efek; perseroan,True
20250521_BCAP_Penyampaian Prospektus,20250521_BCAP_Penyampaian Prospektus_Informasi Tambahan_31887921_lamp1.pdf,informasi_tambahan,30,informasi tambahan,True
20250521_OTMA_Penyampaian Prospektus,20250521_OTMA_Penyampaian Prospektus_Informasi Tambahan_31887891_lamp1.pdf,informasi_tambahan,30,informasi tambahan,True
20250521_DWGL_Penyampaian Prospektus,20250521_DWGL_Penyampaian Prospektus_Informasi Tambahan_31887736_lamp1.pdf,tidak_terbaca,0,,False
20250521_TRIM_Penyampaian Bukti Iklan Prospektus Ringkas dalam rangka Pena,20250521_TRIM_Penyampaian Bukti Iklan_31887954_lamp1.pdf,tidak_terbaca,0,,False
20250521_OTMA_Penyampaian Prospektus,20250521_OTMA_Penyampaian Prospektus_Informasi Tambahan_31887891_lamp2.pdf,term_sheet_waran,10,waran,True
20250521_DWGL_Penyampaian Prospektus,20250521_DWGL_Penyampaian Prospektus_Informasi Tambahan_31887736_lamp2.pdf,prospektus_utama,80,penawaran umum; obligasi; pendaftaran efek; perseroan,True
20250522_OTMA_Penyampaian Prospektus,20250522_OTMA_Penyampaian Prospektus_Informasi Tambahan_31888455_lamp1.pdf,informasi_tambahan,60,informasi tambahan; perubahan dan/atau tambahan,True
20250521_TRIM_Penyampaian Bukti Iklan Prospektus Ringkas dalam rangka Pena,20250521_TRIM_Penyampaian Bukti Iklan_31887954_lamp2.pdf,tidak_terbaca,0,,False
20250522_OTMA_Penyampaian Prospektus,20250522_OTMA_Penyampaian Prospektus_Informasi Tambahan_31888455_lamp2.pdf,informasi_tambahan,30,informasi tambahan,True
20250523_UNKNOWN_Penyampaian Perubahan Prospektus Waran Terstuktur,20250523_HD_Penyampaian Prospektus_Informasi Tambahan_31888991_lamp1.pdf,term_sheet_waran,70,term sheet; waran terstruktur; waran,True
20250523_BFIN_Penyampaian Prospektus,20250523_BFIN_Penyampaian Prospektus_Informasi Tambahan_31888942_lamp1.pdf,informasi_tambahan,30,informasi tambahan,True
20250527_BMTR_Penyampaian Bukti Iklan Prospektus Ringkas Penawaran Umum Be,20250527_BMTR_Penyampaian Bukti Iklan_31889487_lamp1.pdf,prospektus_utama,40,penawaran umum; obligasi; sukuk,True
20250526_WOMF_Penyampaian Prospektus,20250526_WOMF_Penyampaian Prospektus_Informasi Tambahan_31889131_lamp1.pdf,informasi_tambahan,30,informasi tambahan,True
20250526_WOMF_Penyampaian Prospektus,20250526_WOMF_Penyampaian Prospektus_Informasi Tambahan_31889131_lamp2.pdf,informasi_tambahan,30,informasi tambahan,True
20250527_HATM_Penyampaian Prospektus,20250527_HATM_Penyampaian Prospektus_Informasi Tambahan_31889645_lamp1.pdf,prospektus_utama,10,perseroan,True
20250528_BMTR_Penyampaian Bukti Iklan Prospektus Ringkas Penawaran Umum Be,20250528_BMTR_Penyampaian Bukti Iklan_31890286_lamp2.pdf,tidak_teridentifikasi,0,,False
20250527_BMTR_Prospektus Ringkas Penawaran Umum Berkelanjutan Obligasi dan,20250527_BMTR_Laporan Informasi dan Fakta Material_31889467_lamp1.pdf,prospektus_utama,100,penawaran umum; obligasi; sukuk; perseroan,True
20250528_BMTR_Penyampaian Bukti Iklan Prospektus Ringkas Penawaran Umum Be,20250528_BMTR_Penyampaian Bukti Iklan_31890286_lamp1.pdf,tidak_teridentifikasi,0,,True
20250603_NISP_Publikasi Prospektus Ringkas Obligasi Berkelanjutan IV OCBC,20250603_NISP_Laporan Informasi dan Fakta Material_31891413_lamp1.pdf,tidak_terbaca,0,,False
20250528_BRIS_Penyampaian Prospektus,20250528_BRIS_Penyampaian Prospektus_Informasi Tambahan_31890157_lamp2.pdf,prospektus_utama,70,penawaran umum; sukuk; perseroan,True
20250603_NISP_Publikasi Prospektus Ringkas Obligasi Berkelanjutan IV OCBC,20250603_NISP_Laporan Informasi dan Fakta Material_31891413_lamp2.pdf,bukti_iklan,10,koran,True
20250528_BRIS_Penyampaian Prospektus,20250528_BRIS_Penyampaian Prospektus_Informasi Tambahan_31890157_lamp1.pdf,tidak_teridentifikasi,0,,False
20250604_IMFI_Penyampaian Bukti Iklan Penyampaian Bukti Iklan Prospektus R,20250604_IMFI_Penyampaian Bukti Iklan_31891951_lamp1.pdf,tidak_terbaca,0,,False
20250603_NISP_Publikasi Prospektus Ringkas Obligasi Berkelanjutan IV OCBC,20250603_NISP_Laporan Informasi dan Fakta Material_31891413_lamp3.pdf,term_sheet_waran,10,waran,True
20250604_BCAP_Penyampaian Prospektus,20250604_BCAP_Penyampaian Prospektus_Informasi Tambahan_31892334_lamp1.pdf,informasi_tambahan,30,informasi tambahan,True
20250603_NISP_Publikasi Prospektus Ringkas Obligasi Berkelanjutan IV OCBC,20250603_NISP_Laporan Informasi dan Fakta Material_31891413_lamp4.pdf,tidak_teridentifikasi,0,,False
20250604_IMFI_Penyampaian Bukti Iklan Penyampaian Bukti Iklan Prospektus R,20250604_IMFI_Penyampaian Bukti Iklan_31891951_lamp2.pdf,term_sheet_waran,10,waran,True
20250604_IMFI_Penyampaian Bukti Iklan Penyampaian Bukti Iklan Prospektus R,20250604_IMFI_Penyampaian Bukti Iklan_31891951_lamp3.pdf,term_sheet_waran,10,waran,True
20250610_BFIN_Penyampaian Prospektus,20250610_BFIN_Penyampaian Prospektus_Informasi Tambahan_31893931_lamp1.pdf,informasi_tambahan,30,informasi tambahan,True
20250610_BWPT_Penyampaian Bukti Iklan Penyampaian Bukti Iklan Prospektus R,20250610_BWPT_Penyampaian Bukti Iklan_31893921_lamp1.pdf,tidak_terbaca,0,,False
20250610_BWPT_Penyampaian Bukti Iklan Penyampaian Bukti Iklan Prospektus R,20250610_BWPT_Penyampaian Bukti Iklan_31893921_lamp3.pdf,tidak_terbaca,0,,False
20250610_BWPT_Penyampaian Bukti Iklan Penyampaian Bukti Iklan Prospektus R,20250610_BWPT_Penyampaian Bukti Iklan_31893921_lamp2.pdf,tidak_terbaca,0,,False
20250610_BWPT_Penyampaian Bukti Iklan Penyampaian Bukti Iklan Prospektus R,20250610_BWPT_Penyampaian Bukti Iklan_31893921_lamp4.pdf,tidak_terbaca,0,,False
20250610_BWPT_Penyampaian Bukti Iklan Penyampaian Bukti Iklan Prospektus R,20250610_BWPT_Penyampaian Bukti Iklan_31893921_lamp5.pdf,tidak_terbaca,0,,False
20250610_BCAP_Penyampaian Prospektus,20250610_BCAP_Penyampaian Prospektus_Informasi Tambahan_31893522_lamp1.pdf,bukti_iklan,30,telah dipublikasikan,True
20250612_BBNI_Penyampaian Bukti Iklan Prospektus Ringkas dalam rangka Pena,20250612_BBNI_Penyampaian Bukti Iklan_31894620_lamp1.pdf,tidak_terbaca,0,,False
20250610_BWPT_Penyampaian Bukti Iklan Penyampaian Bukti Iklan Prospektus R,20250610_BWPT_Penyampaian Bukti Iklan_31893921_lamp6.pdf,tidak_terbaca,0,,False
20250610_BWPT_Penyampaian Bukti Iklan Penyampaian Bukti Iklan Prospektus R,20250610_BWPT_Penyampaian Bukti Iklan_31893921_lamp7.pdf,tidak_teridentifikasi,0,,False
20250611_BFIN_Penyampaian Prospektus (KOREKSI),20250611_BFIN_Penyampaian Prospektus_Informasi Tambahan_31894255_lamp1.pdf,informasi_tambahan,30,informasi tambahan,True
20250612_BFIN_Penyampaian Prospektus (KOREKSI),20250612_BFIN_Penyampaian Prospektus_Informasi Tambahan_31894484_lamp1.pdf,informasi_tambahan,30,informasi tambahan,True
20250612_HATM_Penyampaian Prospektus,20250612_HATM_Penyampaian Prospektus_Informasi Tambahan_31894412_lamp1.pdf,prospektus_utama,10,perseroan,True
20250612_OTMA_Penyampaian Prospektus,20250612_OTMA_Penyampaian Prospektus_Informasi Tambahan_31894473_lamp1.pdf,informasi_tambahan,60,informasi tambahan; perbaikan atas,True
20250612_OTMA_Penyampaian Prospektus,20250612_OTMA_Penyampaian Prospektus_Informasi Tambahan_31894473_lamp2.pdf,term_sheet_waran,10,waran,True
20250613_SMAR_Penyampaian Bukti Iklan Pengurmuman Prospektus Ringkas Penaw,20250613_SMAR_Penyampaian Bukti Iklan_31894990_lamp1.pdf,tidak_terbaca,0,,False
20250612_FASW_Penyampaian Prospektus,20250612_FASW_Penyampaian Prospektus_Informasi Tambahan_31894454_lamp1.pdf,prospektus_utama,10,perseroan,True
20250616_SGRO_Penyampaian Bukti Iklan Prospektus Ringkas dalam rangka Pena,20250616_SGRO_Penyampaian Bukti Iklan_31895463_lamp1.pdf,prospektus_utama,60,penawaran umum; obligasi; sukuk; pendaftaran efek; perseroan,True
20250616_TUFI_Penyampaian Bukti Iklan Penyampaian Bukti Iklan Penerbitan P,20250616_TUFI_Penyampaian Bukti Iklan_31895382_lamp3.pdf,tidak_terbaca,0,,False
20250616_TUFI_Penyampaian Bukti Iklan Penyampaian Bukti Iklan Penerbitan P,20250616_TUFI_Penyampaian Bukti Iklan_31895382_lamp1.pdf,tidak_terbaca,0,,False
20250616_TUFI_Penyampaian Bukti Iklan Penyampaian Bukti Iklan Penerbitan P,20250616_TUFI_Penyampaian Bukti Iklan_31895382_lamp2.pdf,term_sheet_waran,10,waran,True
20250616_WOMF_Penyampaian Prospektus,20250616_WOMF_Penyampaian Prospektus_Informasi Tambahan_31895348_lamp1.pdf,informasi_tambahan,60,informasi tambahan; perbaikan atas,True
20250618_BRIS_Penyampaian Prospektus,20250618_BRIS_Penyampaian Prospektus_Informasi Tambahan_31896250_lamp2.pdf,prospektus_utama,70,penawaran umum; sukuk; perseroan,True
20250618_BRIS_Penyampaian Prospektus,20250618_BRIS_Penyampaian Prospektus_Informasi Tambahan_31896250_lamp1.pdf,tidak_teridentifikasi,0,,False
20250616_WOMF_Penyampaian Prospektus,20250616_WOMF_Penyampaian Prospektus_Informasi Tambahan_31895348_lamp2.pdf,informasi_tambahan,60,informasi tambahan; perbaikan atas,True
20250618_FIFA_Penyampaian Bukti Iklan Bukti Pengumuman Prospektus Ringkas,20250618_FIFA_Penyampaian Bukti Iklan_31896177_lamp1.pdf,tidak_teridentifikasi,0,,True
20250618_FIFA_Penyampaian Bukti Iklan Bukti Pengumuman Prospektus Ringkas,20250618_FIFA_Penyampaian Bukti Iklan_31896177_lamp2.pdf,tidak_terbaca,0,,False
20250618_MEDC_Penyampaian Prospektus,20250618_MEDC_Penyampaian Prospektus_Informasi Tambahan_31896279_lamp1.pdf,tidak_terbaca,0,,False
20250618_MEDC_Penyampaian Prospektus,20250618_MEDC_Penyampaian Prospektus_Informasi Tambahan_31896279_lamp2.pdf,prospektus_ringkas,30,ringkas,True
20250619_BMTR_Penyampaian Bukti Iklan Informasi Tambahan dan_atau Perbaika,20250619_BMTR_Penyampaian Bukti Iklan_31896901_lamp1.pdf,informasi_tambahan,60,informasi tambahan; perbaikan atas,True
20250619_BMTR_Informasi Tambahan dan_atau Perbaikan atas Prospektus Ringka,20250619_BMTR_Laporan Informasi dan Fakta Material_31896472_lamp1.pdf,bukti_iklan,70,telah dipublikasikan; harian; media,True
20250619_BMTR_Penyampaian Bukti Iklan Informasi Tambahan dan_atau Perbaika,20250619_BMTR_Penyampaian Bukti Iklan_31896901_lamp2.pdf,bukti_iklan,40,harian; koran,True
20250619_BUMI_Penyampaian Bukti Iklan Prospektus Ringkas dalam Rangka Pena,20250619_BUMI_Penyampaian Bukti Iklan_31896618_lamp1.pdf,prospektus_utama,70,penawaran umum; obligasi; perseroan,True
20250619_BUMI_Penyampaian Bukti Iklan Prospektus Ringkas dalam Rangka Pena,20250619_BUMI_Penyampaian Bukti Iklan_31896618_lamp2.pdf,bukti_iklan,60,bukti iklan; harian,True
20250619_RMKE_Penyampaian Bukti Iklan Penyampaian Bukti Iklan Prospektus R,20250619_RMKE_Penyampaian Bukti Iklan_31896509_lamp1.pdf,bukti_iklan,60,bukti iklan; harian,True
20250620_TBIG_Penyampaian Bukti Iklan Prospektus Ringkas Penawaran Umum Be,20250620_TBIG_Penyampaian Bukti Iklan_31897038_lamp2.pdf,tidak_teridentifikasi,0,,True
20250620_TBIG_Penyampaian Bukti Iklan Prospektus Ringkas Penawaran Umum Be,20250620_TBIG_Penyampaian Bukti Iklan_31897038_lamp1.pdf,prospektus_utama,100,penawaran umum; obligasi; sukuk; pendaftaran efek; perseroan,True
20250619_BUMI_Publikasi Prospektus Ringkas dalam Rangka Penawaran Umum Ber,20250619_BUMI_Laporan Informasi dan Fakta Material_31896678_lamp1.pdf,prospektus_utama,80,penawaran umum; obligasi; pendaftaran efek; perseroan,True
20250619_SMDR_Penyampaian Prospektus,20250619_SMDR_Penyampaian Prospektus_Informasi Tambahan_31896767_lamp1.pdf,informasi_tambahan,30,informasi tambahan,True
20250620_TBIG_Penyampaian Bukti Iklan Prospektus Ringkas Penawaran Umum Be,20250620_TBIG_Penyampaian Bukti Iklan_31897038_lamp3.pdf,tidak_terbaca,0,,False
20250620_TBIG_Prospektus Ringkas Penawaran Umum Berkelanjutan Obligasi Ber,20250620_TBIG_Laporan Informasi dan Fakta Material_31897035_lamp2.pdf,tidak_teridentifikasi,0,,True
20250620_TBIG_Prospektus Ringkas Penawaran Umum Berkelanjutan Obligasi Ber,20250620_TBIG_Laporan Informasi dan Fakta Material_31897035_lamp1.pdf,prospektus_utama,100,penawaran umum; obligasi; sukuk; pendaftaran efek; perseroan,True
20250620_TBIG_Penyampaian Bukti Iklan Prospektus Ringkas Penawaran Umum Be,20250620_TBIG_Penyampaian Bukti Iklan_31897038_lamp4.pdf,tidak_terbaca,0,,False
20250623_MEDP_Penyampaian Prospektus,20250623_MEDP_Penyampaian Prospektus_Informasi Tambahan_31907611_lamp2.pdf,bukti_iklan,30,telah dipublikasikan,True
20250623_MEDP_Penyampaian Prospektus,20250623_MEDP_Penyampaian Prospektus_Informasi Tambahan_31907611_lamp1.pdf,tidak_terbaca,0,,False
20250623_PYFA_Prospektus Ringkas atas Penawaran Umum Berkelanjutan Obligas,20250623_PYFA_Laporan Informasi dan Fakta Material_31907849_lamp1.pdf,prospektus_utama,70,penawaran umum; obligasi; perseroan,True
20250623_WIFI_Penyampaian Prospektus,20250623_WIFI_Penyampaian Prospektus_Informasi Tambahan_31907412_lamp1.pdf,informasi_tambahan,40,informasi tambahan; perubahan informasi,True
20250623_PYFA_Prospektus Ringkas atas Penawaran Umum Berkelanjutan Obligas,20250623_PYFA_Laporan Informasi dan Fakta Material_31907849_lamp2.pdf,prospektus_utama,70,penawaran umum; obligasi; perseroan,True
20250623_WIFI_Penyampaian Prospektus,20250623_WIFI_Penyampaian Prospektus_Informasi Tambahan_31907412_lamp2.pdf,informasi_tambahan,40,informasi tambahan; perubahan informasi,True
20250625_BBRI_Penyampaian Bukti Iklan Informasi Tambahan dan_atau Perbaika,20250625_BBRI_Penyampaian Bukti Iklan_31908403_lamp1.pdf,bukti_iklan,100,bukti iklan; telah dipublikasikan; harian; media,True
20250625_NISP_Publikasi Informasi Tambahan dan atau Perbaikan atas Prospek,20250625_NISP_Laporan Informasi dan Fakta Material_31908777_lamp1.pdf,tidak_terbaca,0,,False
20250624_TRIM_Penyampaian Bukti Iklan Penyampaian Bukti Iklan Informasi Ta,20250624_TRIM_Penyampaian Bukti Iklan_31908309_lamp1.pdf,tidak_terbaca,0,,False
20250625_NISP_Publikasi Informasi Tambahan dan atau Perbaikan atas Prospek,20250625_NISP_Laporan Informasi dan Fakta Material_31908777_lamp2.pdf,bukti_iklan,10,koran,True
20250625_BBRI_Penyampaian Bukti Iklan Informasi Tambahan dan_atau Perbaika,20250625_BBRI_Penyampaian Bukti Iklan_31908403_lamp2.pdf,tidak_teridentifikasi,0,,False
20250624_WIFI_Penyampaian Prospektus,20250624_WIFI_Penyampaian Prospektus_Informasi Tambahan_31908127_lamp1.pdf,prospektus_utama,10,perseroan,True
20250626_DART_Penyampaian Prospektus,20250626_DART_Penyampaian Prospektus_Informasi Tambahan_31909136_lamp1.pdf,tidak_terbaca,0,,False
20250625_NISP_Publikasi Informasi Tambahan dan atau Perbaikan atas Prospek,20250625_NISP_Laporan Informasi dan Fakta Material_31908777_lamp4.pdf,tidak_teridentifikasi,0,,True
20250626_DART_Penyampaian Prospektus,20250626_DART_Penyampaian Prospektus_Informasi Tambahan_31909136_lamp2.pdf,informasi_tambahan,60,informasi tambahan; perbaikan atas,True
20250626_BBNI_Penyampaian Bukti Iklan Penyampaian Perubahan dan_atau Infor,20250626_BBNI_Penyampaian Bukti Iklan_31909229_lamp1.pdf,term_sheet_waran,10,waran,True
20250625_NISP_Publikasi Informasi Tambahan dan atau Perbaikan atas Prospek,20250625_NISP_Laporan Informasi dan Fakta Material_31908777_lamp3.pdf,term_sheet_waran,10,waran,True
20250626_FILM_Penyampaian Prospektus,20250626_FILM_Penyampaian Prospektus_Informasi Tambahan_31909268_lamp2.pdf,prospektus_utama,10,perseroan,True
20250626_FILM_Penyampaian Prospektus,20250626_FILM_Penyampaian Prospektus_Informasi Tambahan_31909268_lamp1.pdf,tidak_teridentifikasi,0,,True
20250626_TUFI_Penyampaian Bukti Iklan Penyampaian Bukti Iklan Informasi Ta,20250626_TUFI_Penyampaian Bukti Iklan_31908991_lamp3.pdf,tidak_terbaca,0,,False
20250626_SMAR_Penyampaian Bukti Iklan Informasi Tambahan dan_atau Perbaika,20250626_SMAR_Penyampaian Bukti Iklan_31909054_lamp1.pdf,tidak_terbaca,0,,False
20250626_TUFI_Penyampaian Bukti Iklan Penyampaian Bukti Iklan Informasi Ta,20250626_TUFI_Penyampaian Bukti Iklan_31908991_lamp2.pdf,tidak_terbaca,0,,False
20250626_TUFI_Penyampaian Bukti Iklan Penyampaian Bukti Iklan Informasi Ta,20250626_TUFI_Penyampaian Bukti Iklan_31908991_lamp1.pdf,term_sheet_waran,10,waran,True
20250626_TUFI_Penyampaian Prospektus,20250626_TUFI_Penyampaian Prospektus_Informasi Tambahan_31908936_lamp1.pdf,informasi_tambahan,60,informasi tambahan; perubahan dan/atau tambahan,True
20250626_TUFI_Penyampaian Prospektus,20250626_TUFI_Penyampaian Prospektus_Informasi Tambahan_31908936_lamp2.pdf,term_sheet_waran,10,waran,True
20250626_TUFI_Penyampaian Prospektus,20250626_TUFI_Penyampaian Prospektus_Informasi Tambahan_31908936_lamp3.pdf,tidak_teridentifikasi,0,,False
20250626_TUFI_Penyampaian Prospektus,20250626_TUFI_Penyampaian Prospektus_Informasi Tambahan_31908936_lamp4.pdf,prospektus_utama,70,penawaran umum; obligasi; perseroan,True
20250630_BUMI_Penyampaian Bukti Iklan Bukti Iklan Informasi Tambahan dan_a,20250630_BUMI_Penyampaian Bukti Iklan_31909501_lamp2.pdf,bukti_iklan,70,bukti iklan; pengumuman; koran,True
20250630_BUMI_Penyampaian Bukti Iklan Bukti Iklan Informasi Tambahan dan_a,20250630_BUMI_Penyampaian Bukti Iklan_31909501_lamp1.pdf,bukti_iklan,30,pengumuman,True
20250630_BUMI_Publikasi Informasi Tambahan dan_atau Perbaikan atas Prospek,20250630_BUMI_Laporan Informasi dan Fakta Material_31909486_lamp1.pdf,informasi_tambahan,60,informasi tambahan; perbaikan atas,True
20250630_FILM_Penyampaian Prospektus (KOREKSI),20250630_FILM_Penyampaian Prospektus_Informasi Tambahan_31910018_lamp1.pdf,tidak_teridentifikasi,0,,True
20250630_IMFI_Penyampaian Bukti Iklan Prospektus Ringkas PUB VI Tahap I Ta,20250630_IMFI_Penyampaian Bukti Iklan_31909481_lamp1.pdf,tidak_terbaca,0,,False
20250630_FILM_Penyampaian Prospektus (KOREKSI),20250630_FILM_Penyampaian Prospektus_Informasi Tambahan_31910018_lamp2.pdf,prospektus_utama,10,perseroan,True
20250630_IMFI_Penyampaian Bukti Iklan Prospektus Ringkas PUB VI Tahap I Ta,20250630_IMFI_Penyampaian Bukti Iklan_31909481_lamp3.pdf,term_sheet_waran,10,waran,True
20250630_IMFI_Penyampaian Bukti Iklan Prospektus Ringkas PUB VI Tahap I Ta,20250630_IMFI_Penyampaian Bukti Iklan_31909481_lamp2.pdf,tidak_teridentifikasi,0,,True
20250630_TBIG_Informasi Tambahan Dan_Atau Perbaikan Atas Prospektus Ringka,20250630_TBIG_Laporan Informasi dan Fakta Material_31909435_lamp1.pdf,term_sheet_waran,10,waran,True
20250630_TBIG_Penyampaian Bukti Iklan Informasi Tambahan Dan_Atau Perbaika,20250630_TBIG_Penyampaian Bukti Iklan_31909446_lamp2.pdf,tidak_terbaca,0,,False
20250630_TBIG_Penyampaian Bukti Iklan Informasi Tambahan Dan_Atau Perbaika,20250630_TBIG_Penyampaian Bukti Iklan_31909446_lamp3.pdf,tidak_terbaca,0,,False
20250701_CARE_Penyampaian Prospektus,20250701_CARE_Penyampaian Prospektus_Informasi Tambahan_31910353_lamp1.pdf,prospektus_utama,50,sukuk; emiten; perseroan,True
20250630_TBIG_Penyampaian Bukti Iklan Informasi Tambahan Dan_Atau Perbaika,20250630_TBIG_Penyampaian Bukti Iklan_31909446_lamp1.pdf,term_sheet_waran,10,waran,True
20250701_PYFA_Informasi Tambahan atas Prospektus Ringkas atas Penawaran Um,20250701_PYFA_Laporan Informasi dan Fakta Material_31910441_lamp1.pdf,bukti_iklan,100,surat kabar; telah dipublikasikan; harian; koran,True
20250701_CARE_Penyampaian Prospektus,20250701_CARE_Penyampaian Prospektus_Informasi Tambahan_31910353_lamp2.pdf,informasi_tambahan,60,informasi tambahan; perbaikan atas,True
20250701_CARE_Penyampaian Prospektus,20250701_CARE_Penyampaian Prospektus_Informasi Tambahan_31910353_lamp3.pdf,informasi_tambahan,60,informasi tambahan; perubahan dan/atau tambahan,True
20250702_ADMF_Penyampaian Bukti Iklan Penyampaian Bukti Iklan Informasi Ta,20250702_ADMF_Penyampaian Bukti Iklan_31910677_lamp1.pdf,tidak_teridentifikasi,0,,False
20250701_RMKE_Penyampaian Bukti Iklan Bukti Iklan Perbaikan Dan_Atau Tamba,20250701_RMKE_Penyampaian Bukti Iklan_31910403_lamp1.pdf,bukti_iklan,60,bukti iklan; harian,True
20250702_MINA_Penyampaian Prospektus,20250702_MINA_Penyampaian Prospektus_Informasi Tambahan_31910623_lamp1.pdf,prospektus_utama,10,perseroan,True
20250702_MINA_Penyampaian Prospektus,20250702_MINA_Penyampaian Prospektus_Informasi Tambahan_31910623_lamp2.pdf,tidak_terbaca,0,,False
20250702_SMDR_Penyampaian Prospektus (KOREKSI),20250702_SMDR_Penyampaian Prospektus_Informasi Tambahan_31910915_lamp1.pdf,informasi_tambahan,60,informasi tambahan; perbaikan atas,True
20250702_ADMF_Penyampaian Bukti Iklan Penyampaian Bukti Iklan Informasi Ta,20250702_ADMF_Penyampaian Bukti Iklan_31910677_lamp2.pdf,prospektus_utama,70,penawaran umum; obligasi; perseroan,True
20250702_TOWR_Penyampaian Prospektus,20250702_TOWR_Penyampaian Prospektus_Informasi Tambahan_31910612_lamp2.pdf,informasi_tambahan,10,perubahan informasi,True
20250702_TOWR_Penyampaian Prospektus,20250702_TOWR_Penyampaian Prospektus_Informasi Tambahan_31910612_lamp1.pdf,prospektus_utama,10,perseroan,True
20250702_TOWR_Penyampaian Prospektus,20250702_TOWR_Penyampaian Prospektus_Informasi Tambahan_31910612_lamp3.pdf,bukti_iklan,10,media,True
20250702_TOWR_Penyampaian Prospektus,20250702_TOWR_Penyampaian Prospektus_Informasi Tambahan_31910612_lamp4.pdf,informasi_tambahan,10,perubahan informasi,True
20250703_CARE_Penyampaian Bukti Iklan Penyampaian informasi tambahan serta,20250703_CARE_Penyampaian Bukti Iklan_31911102_lamp2.pdf,prospektus_utama,50,sukuk; emiten; perseroan,True
20250703_CARE_Penyampaian Bukti Iklan Penyampaian informasi tambahan serta,20250703_CARE_Penyampaian Bukti Iklan_31911102_lamp1.pdf,tidak_teridentifikasi,0,,False
20250703_TRIM_Penyampaian Bukti Iklan Informasi Tambahan dan_atau Perbaika,20250703_TRIM_Penyampaian Bukti Iklan_31911192_lamp1.pdf,tidak_terbaca,0,,False
20250721_COCO_Prospektus Ringkas Dalam Rangka Penawaran Umum Terbatas Kepa,20250721_COCO_Laporan Informasi dan Fakta Material_31916233_lamp1.pdf,prospektus_utama,40,penawaran umum; perseroan,True
20250722_COCO_Penyampaian Bukti Iklan Penyampaian Bukti Iklan Prospektus R,20250722_COCO_Penyampaian Bukti Iklan_31916745_lamp1.pdf,bukti_iklan,30,bukti iklan,True
20250910_BUVA_Prospektus Ringkas Penambahan Modal Dengan Memberikan Hak Me,20250910_BUVA_Laporan Informasi dan Fakta Material_31939188_lamp1.pdf,tidak_teridentifikasi,0,,True
20250916_BSDE_Penyampaian Bukti Iklan Informasi Tambahan dan_atau Perbaika,20250916_BSDE_Penyampaian Bukti Iklan_31950326_lamp1.pdf,tidak_terbaca,0,,False
20250915_IMJS_Prospektus Ringkas Penawaran Umum Terbatas IV Kepada Para Pe,20250915_IMJS_Laporan Informasi dan Fakta Material_31950151_lamp1.pdf,prospektus_utama,40,penawaran umum; perseroan,True
20250916_IMJS_Penyampaian Bukti Iklan Penyampaian Bukti Iklan Pengumuman P,20250916_IMJS_Penyampaian Bukti Iklan_31950330_lamp1.pdf,bukti_iklan,60,bukti iklan; pengumuman,True
20250918_DSSA_Penyampaian Prospektus,20250917_DSSA_Penyampaian Prospektus_Informasi Tambahan_31950748_lamp1.pdf,term_sheet_waran,10,waran,True
20250916_BSDE_Penyampaian Bukti Iklan Informasi Tambahan dan_atau Perbaika,20250916_BSDE_Penyampaian Bukti Iklan_31950326_lamp2.pdf,informasi_tambahan,60,informasi tambahan; perbaikan atas,True
20250919_CSIS_Publikasi Prospektus Ringkas Penambahan Modal Dengan Memberi,20250919_CSIS_Laporan Informasi dan Fakta Material_31951217_lamp1.pdf,tidak_terbaca,0,,False
20250918_DSSA_Penyampaian Prospektus,20250917_DSSA_Penyampaian Prospektus_Informasi Tambahan_31950748_lamp2.pdf,informasi_tambahan,30,informasi tambahan,True
20250922_CSIS_Penyampaian Bukti Iklan Publikasi Prospektus Ringkas Penamba,20250922_CSIS_Penyampaian Bukti Iklan_31951450_lamp1.pdf,prospektus_ringkas,30,ringkas,True
20250919_CSIS_Publikasi Prospektus Ringkas Penambahan Modal Dengan Memberi,20250919_CSIS_Laporan Informasi dan Fakta Material_31951217_lamp2.pdf,prospektus_ringkas,30,ringkas,True
20250923_BANK_Pemberitahuan atas Prospektus Ringkas dalam rangka Penawaran,20250923_BANK_Laporan Informasi dan Fakta Material_31951842_lamp2.pdf,tidak_terbaca,0,,False
20250923_BANK_Pemberitahuan atas Prospektus Ringkas dalam rangka Penawaran,20250923_BANK_Laporan Informasi dan Fakta Material_31951842_lamp1.pdf,prospektus_utama,80,penawaran umum; sukuk; pendaftaran efek; perseroan,True
20250923_TRIM_Penyampaian Prospektus,20250923_TRIM_Penyampaian Prospektus_Informasi Tambahan_31951774_lamp1.pdf,tidak_teridentifikasi,0,,False
20250923_TRIM_Penyampaian Prospektus,20250923_TRIM_Penyampaian Prospektus_Informasi Tambahan_31951774_lamp2.pdf,informasi_tambahan,30,informasi tambahan,True
20250926_INET_Penyampaian Prospektus,20250926_INET_Penyampaian Prospektus_Informasi Tambahan_31952831_lamp2.pdf,tidak_teridentifikasi,0,,True
20250926_INET_Penyampaian Prospektus,20250926_INET_Penyampaian Prospektus_Informasi Tambahan_31952831_lamp1.pdf,informasi_tambahan,10,perubahan informasi,True
20250926_PNMP_Penyampaian Prospektus,20250926_PNMP_Penyampaian Prospektus_Informasi Tambahan_31952663_lamp2.pdf,term_sheet_waran,10,waran,True
20250926_PNMP_Penyampaian Prospektus,20250926_PNMP_Penyampaian Prospektus_Informasi Tambahan_31952663_lamp1.pdf,prospektus_utama,70,penawaran umum; sukuk; perseroan,True
20251001_COCO_Penyampaian Bukti Iklan Penyampaian Bukti Iklan Informasi Ta,20251001_COCO_Penyampaian Bukti Iklan_31953625_lamp1.pdf,bukti_iklan,30,bukti iklan,True
20251001_CUAN_Penyampaian Prospektus,20251001_CUAN_Penyampaian Prospektus_Informasi Tambahan_31953711_lamp1.pdf,informasi_tambahan,30,informasi tambahan,True
20251002_COCO_Tambahan Informasi dan_atau Perbaikan Atas Informasi Tambaha,20251002_COCO_Laporan Informasi dan Fakta Material_31953998_lamp1.pdf,informasi_tambahan,60,informasi tambahan; perbaikan atas,True
20251001_COCO_Tambahan Informasi dan_atau Perbaikan Atas Informasi Tambaha,20251001_COCO_Laporan Informasi dan Fakta Material_31953515_lamp1.pdf,informasi_tambahan,60,informasi tambahan; perbaikan atas,True
20251006_ADMF_Penyampaian Prospektus,20251006_ADMF_Penyampaian Prospektus_Informasi Tambahan_31964926_lamp1.pdf,tidak_teridentifikasi,0,,False
20251006_ADMF_Penyampaian Prospektus,20251006_ADMF_Penyampaian Prospektus_Informasi Tambahan_31964926_lamp2.pdf,tidak_teridentifikasi,0,,False
20251003_TRIM_Penyampaian Prospektus,20251003_TRIM_Penyampaian Prospektus_Informasi Tambahan_31954280_lamp1.pdf,informasi_tambahan,60,informasi tambahan; perbaikan atas,True
20251003_TRIM_Penyampaian Prospektus,20251003_TRIM_Penyampaian Prospektus_Informasi Tambahan_31954280_lamp2.pdf,tidak_teridentifikasi,0,,False
20251006_SMMA_Penyampaian Prospektus,20251006_SMMA_Penyampaian Prospektus_Informasi Tambahan_31964727_lamp1.pdf,tidak_teridentifikasi,0,,False
20251006_ADMF_Penyampaian Prospektus,20251006_ADMF_Penyampaian Prospektus_Informasi Tambahan_31964926_lamp3.pdf,prospektus_utama,100,penawaran umum; obligasi; sukuk; perseroan,True
20251006_DSSA_Penyampaian Prospektus,20251003_DSSA_Penyampaian Prospektus_Informasi Tambahan_31954419_lamp1.pdf,term_sheet_waran,10,waran,True
20251006_DSSA_Penyampaian Prospektus,20251003_DSSA_Penyampaian Prospektus_Informasi Tambahan_31954419_lamp2.pdf,informasi_tambahan,60,informasi tambahan; perbaikan atas,True
20251006_TRIM_Penyampaian Prospektus,20251006_TRIM_Penyampaian Prospektus_Informasi Tambahan_31965005_lamp1.pdf,informasi_tambahan,60,informasi tambahan; perbaikan atas,True
20251009_ARMA_Penyampaian Bukti Iklan Pengumuman Prospektus Ringkas dalam,20251009_ARMA_Penyampaian Bukti Iklan_31966197_lamp1.pdf,tidak_terbaca,0,,False
20251009_ARMA_Penyampaian Bukti Iklan Pengumuman Prospektus Ringkas dalam,20251009_ARMA_Penyampaian Bukti Iklan_31966197_lamp2.pdf,tidak_terbaca,0,,False
20251006_SMMA_Penyampaian Prospektus,20251006_SMMA_Penyampaian Prospektus_Informasi Tambahan_31964727_lamp2.pdf,informasi_tambahan,30,informasi tambahan,True
20251009_ARMA_Penyampaian Bukti Iklan Pengumuman Prospektus Ringkas dalam,20251009_ARMA_Penyampaian Bukti Iklan_31966197_lamp3.pdf,tidak_terbaca,0,,False
20251009_ASDF_Penyampaian Prospektus,20251009_ASDF_Penyampaian Prospektus_Informasi Tambahan_31966368_lamp1.pdf,tidak_terbaca,0,,False
20251013_PNMP_Penyampaian Prospektus,20251013_PNMP_Penyampaian Prospektus_Informasi Tambahan_31967162_lamp1.pdf,tidak_teridentifikasi,0,,False
20251013_PNMP_Penyampaian Prospektus,20251013_PNMP_Penyampaian Prospektus_Informasi Tambahan_31967162_lamp2.pdf,informasi_tambahan,60,informasi tambahan; perbaikan atas,True
20251009_ASDF_Penyampaian Prospektus,20251009_ASDF_Penyampaian Prospektus_Informasi Tambahan_31966368_lamp2.pdf,prospektus_utama,70,penawaran umum; obligasi; perseroan,True
20251015_PACK_Penyampaian Prospektus,20251015_PACK_Penyampaian Prospektus_Informasi Tambahan_31967512_lamp1.pdf,term_sheet_waran,10,waran,True
20251020_ASDF_Penyampaian Prospektus,20251020_ASDF_Penyampaian Prospektus_Informasi Tambahan_31978392_lamp1.pdf,tidak_terbaca,0,,False
20251020_CUAN_Penyampaian Prospektus,20251020_CUAN_Penyampaian Prospektus_Informasi Tambahan_31978363_lamp2.pdf,informasi_tambahan,60,informasi tambahan; perbaikan atas,True
20251020_IIFF_Penyampaian Prospektus,20251020_IIFF_Penyampaian Prospektus_Informasi Tambahan_31978468_lamp1.pdf,tidak_terbaca,0,,False
20251020_ASDF_Penyampaian Prospektus,20251020_ASDF_Penyampaian Prospektus_Informasi Tambahan_31978392_lamp2.pdf,informasi_tambahan,90,informasi tambahan; perubahan dan/atau tambahan; perbaikan atas,True
20251020_CUAN_Penyampaian Prospektus,20251020_CUAN_Penyampaian Prospektus_Informasi Tambahan_31978363_lamp1.pdf,informasi_tambahan,60,informasi tambahan; perbaikan atas,True
20251020_IIFF_Penyampaian Prospektus,20251020_IIFF_Penyampaian Prospektus_Informasi Tambahan_31978468_lamp2.pdf,prospektus_utama,70,penawaran umum; obligasi; perseroan,True
20251023_WISL_Penyampaian Prospektus,20251023_WISL_Penyampaian Prospektus_Informasi Tambahan_31979303_lamp1.pdf,tidak_terbaca,0,,False
20251023_WISL_Penyampaian Prospektus (KOREKSI),20251023_WISL_Penyampaian Prospektus_Informasi Tambahan_31979368_lamp1.pdf,tidak_terbaca,0,,False
20251024_PPGD_Penyampaian Prospektus,20251024_PPGD_Penyampaian Prospektus_Informasi Tambahan_31979517_lamp1.pdf,tidak_teridentifikasi,0,,False
20251023_WISL_Penyampaian Prospektus (KOREKSI),20251023_WISL_Penyampaian Prospektus_Informasi Tambahan_31979368_lamp2.pdf,prospektus_utama,100,penawaran umum; obligasi; sukuk; perseroan,True
20251027_ARMA_Penyampaian Bukti Iklan Informasi Tambahan dan_atau Perubaha,20251026_ARMA_Penyampaian Bukti Iklan_31979670_lamp1.pdf,tidak_terbaca,0,,False
20251024_PPGD_Penyampaian Prospektus,20251024_PPGD_Penyampaian Prospektus_Informasi Tambahan_31979517_lamp2.pdf,informasi_tambahan,30,informasi tambahan,True
20251021_TAFS_Penyampaian Prospektus,20251021_TAFS_Penyampaian Prospektus_Informasi Tambahan_31978796_lamp1.pdf,informasi_tambahan,30,informasi tambahan,True
20251027_ARMA_Penyampaian Bukti Iklan Informasi Tambahan dan_atau Perubaha,20251026_ARMA_Penyampaian Bukti Iklan_31979670_lamp2.pdf,term_sheet_waran,10,waran,True
20251031_CSIS_Penyampaian Bukti Iklan Publikasi Prospektus Ringkas Penamba,20251031_CSIS_Penyampaian Bukti Iklan_31981334_lamp2.pdf,tidak_teridentifikasi,0,,True
20251031_CSIS_Penyampaian Bukti Iklan Publikasi Prospektus Ringkas Penamba,20251031_CSIS_Penyampaian Bukti Iklan_31981334_lamp1.pdf,tidak_terbaca,0,,False
20251028_BUVA_Penyampaian Prospektus,20251028_BUVA_Penyampaian Prospektus_Informasi Tambahan_31980004_lamp1.pdf,prospektus_utama,10,perseroan,True
20251031_CSIS_Publikasi Prospektus Ringkas Penambahan Modal Dengan Memberi,20251031_CSIS_Laporan Informasi dan Fakta Material_31981230_lamp2.pdf,prospektus_ringkas,30,ringkas,True
20251031_CSIS_Publikasi Prospektus Ringkas Penambahan Modal Dengan Memberi,20251031_CSIS_Laporan Informasi dan Fakta Material_31981230_lamp1.pdf,tidak_terbaca,0,,False
20251103_GMFI_Penyampaian Prospektus,20251103_GMFI_Penyampaian Prospektus_Informasi Tambahan_31981470_lamp1.pdf,informasi_tambahan,10,perubahan informasi,True
20251103_GMFI_Penyampaian Prospektus,20251103_GMFI_Penyampaian Prospektus_Informasi Tambahan_31981470_lamp2.pdf,prospektus_ringkas,30,ringkas,True
20251103_WISL_Penyampaian Prospektus (KOREKSI),20251103_WISL_Penyampaian Prospektus_Informasi Tambahan_31981549_lamp1.pdf,tidak_teridentifikasi,0,,False
20251106_PPGD_Penyampaian Prospektus,20251106_PPGD_Penyampaian Prospektus_Informasi Tambahan_31983189_lamp1.pdf,tidak_teridentifikasi,0,,False
20251103_WISL_Penyampaian Prospektus (KOREKSI),20251103_WISL_Penyampaian Prospektus_Informasi Tambahan_31981549_lamp2.pdf,informasi_tambahan,60,informasi tambahan; perbaikan atas,True
20251105_SMII_Penyampaian Prospektus,20251105_SMII_Penyampaian Prospektus_Informasi Tambahan_31982807_lamp2.pdf,informasi_tambahan,30,informasi tambahan,True
20251105_SMII_Penyampaian Prospektus,20251105_SMII_Penyampaian Prospektus_Informasi Tambahan_31982807_lamp1.pdf,term_sheet_waran,10,waran,True
20251106_TBIG_Penyampaian Prospektus,20251105_TBIG_Penyampaian Prospektus_Informasi Tambahan_31982793_lamp1.pdf,bukti_iklan,30,pengumuman,True
20251106_PPGD_Penyampaian Prospektus,20251106_PPGD_Penyampaian Prospektus_Informasi Tambahan_31983189_lamp2.pdf,informasi_tambahan,60,informasi tambahan; perbaikan atas,True
20251106_TBIG_Penyampaian Prospektus,20251105_TBIG_Penyampaian Prospektus_Informasi Tambahan_31982793_lamp2.pdf,informasi_tambahan,30,informasi tambahan,True
20251110_LPPI_Penyampaian Bukti Iklan Prospektus Ringkas Obligasi Berkelan,20251110_LPPI_Penyampaian Bukti Iklan_31983902_lamp1.pdf,tidak_terbaca,0,,False
20251107_TAFS_Penyampaian Prospektus,20251107_TAFS_Penyampaian Prospektus_Informasi Tambahan_31983729_lamp1.pdf,informasi_tambahan,60,informasi tambahan; perbaikan atas,True
20251113_BALI_Penyampaian Prospektus,20251113_BALI_Penyampaian Prospektus_Informasi Tambahan_31985192_lamp1.pdf,informasi_tambahan,30,informasi tambahan,True
20251118_TRIM_Penyampaian Prospektus,20251118_TRIM_Penyampaian Prospektus_Informasi Tambahan_31985988_lamp1.pdf,tidak_teridentifikasi,0,,False
20251118_TRIM_Penyampaian Prospektus,20251118_TRIM_Penyampaian Prospektus_Informasi Tambahan_31985988_lamp2.pdf,informasi_tambahan,30,informasi tambahan,True
20251119_TBIG_Penyampaian Prospektus,20251119_TBIG_Penyampaian Prospektus_Informasi Tambahan_31986440_lamp1.pdf,tidak_teridentifikasi,0,,False
20251119_TBIG_Penyampaian Prospektus,20251119_TBIG_Penyampaian Prospektus_Informasi Tambahan_31986440_lamp2.pdf,informasi_tambahan,60,informasi tambahan; perbaikan atas,True
20251110_LPPI_Penyampaian Bukti Iklan Prospektus Ringkas Obligasi Berkelan,20251110_LPPI_Penyampaian Bukti Iklan_31983902_lamp2.pdf,prospektus_utama,50,penawaran umum; pendaftaran efek; perseroan,True
20251121_BBTN_Penyampaian Prospektus,20251121_BBTN_Penyampaian Prospektus_Informasi Tambahan_31986864_lamp1.pdf,prospektus_utama,80,penawaran umum; obligasi; pendaftaran efek; perseroan,True
20251128_TBIG_Penyampaian Prospektus,20251128_TBIG_Penyampaian Prospektus_Informasi Tambahan_31988275_lamp1.pdf,informasi_tambahan,60,informasi tambahan; perbaikan atas,True
20251124_BBTN_Penyampaian Bukti Iklan Prospektus Ringkas Penawaran Umum Be,20251124_BBTN_Penyampaian Bukti Iklan_31987186_lamp1.pdf,prospektus_utama,70,penawaran umum; obligasi; perseroan,True
20251201_BSDE_Penyampaian Prospektus,20251201_BSDE_Penyampaian Prospektus_Informasi Tambahan_31998905_lamp1.pdf,bukti_iklan,30,pengumuman,True
20251203_LPPI_Penyampaian Bukti Iklan Informasi Tambahan dan_atau Perbaika,20251202_LPPI_Penyampaian Bukti Iklan_31999184_lamp1.pdf,tidak_terbaca,0,,False
20251201_POLI_Penyampaian Prospektus,20251201_POLI_Penyampaian Prospektus_Informasi Tambahan_31998689_lamp1.pdf,bukti_iklan,60,telah dipublikasikan; harian,True
20251202_IMJS_Penyampaian Prospektus,20251202_IMJS_Penyampaian Prospektus_Informasi Tambahan_31999027_lamp1.pdf,prospektus_utama,40,penawaran umum; perseroan,True
20251203_LPPI_Prospektus Ringkas Penawaran Umum Berkelanjutan Obligasi Ber,20251202_LPPI_Laporan Informasi dan Fakta Material_31999079_lamp2.pdf,informasi_tambahan,60,informasi tambahan; perbaikan atas,True
20251203_LPPI_Penyampaian Bukti Iklan Informasi Tambahan dan_atau Perbaika,20251202_LPPI_Penyampaian Bukti Iklan_31999184_lamp2.pdf,informasi_tambahan,60,informasi tambahan; perbaikan atas,True
20251203_LPPI_Prospektus Ringkas Penawaran Umum Berkelanjutan Obligasi Ber,20251202_LPPI_Laporan Informasi dan Fakta Material_31999079_lamp1.pdf,tidak_teridentifikasi,0,,False
20251203_MYOR_Penyampaian Prospektus,20251203_MYOR_Penyampaian Prospektus_Informasi Tambahan_31999556_lamp1.pdf,informasi_tambahan,30,informasi tambahan,True
20251205_BBTN_Penyampaian Bukti Iklan Perubahan dan_atau Tambahan Informas,20251205_BBTN_Penyampaian Bukti Iklan_32000649_lamp1.pdf,prospektus_utama,70,penawaran umum; obligasi; perseroan,True
20251205_BWPT_Penyampaian Prospektus,20251205_BWPT_Penyampaian Prospektus_Informasi Tambahan_32000701_lamp1.pdf,prospektus_utama,100,penawaran umum; obligasi; sukuk; perseroan,True
20251205_BBTN_Penyampaian Bukti Iklan Perubahan dan_atau Tambahan Informas,20251205_BBTN_Penyampaian Bukti Iklan_32000649_lamp2.pdf,prospektus_utama,60,penawaran umum; obligasi,True
20251205_BWPT_Penyampaian Prospektus,20251205_BWPT_Penyampaian Prospektus_Informasi Tambahan_32000701_lamp2.pdf,term_sheet_waran,10,waran,True
20251209_BWPT_Penyampaian Prospektus,20251209_BWPT_Penyampaian Prospektus_Informasi Tambahan_32011967_lamp2.pdf,term_sheet_waran,10,waran,True
20251205_BWPT_Penyampaian Prospektus,20251205_BWPT_Penyampaian Prospektus_Informasi Tambahan_32000701_lamp3.pdf,prospektus_utama,100,penawaran umum; obligasi; sukuk; perseroan,True
20251205_BWPT_Penyampaian Prospektus,20251205_BWPT_Penyampaian Prospektus_Informasi Tambahan_32000701_lamp4.pdf,term_sheet_waran,10,waran,True
20251209_BWPT_Penyampaian Prospektus,20251209_BWPT_Penyampaian Prospektus_Informasi Tambahan_32011967_lamp1.pdf,prospektus_utama,70,penawaran umum; obligasi; perseroan,True
20251209_BWPT_Penyampaian Prospektus,20251209_BWPT_Penyampaian Prospektus_Informasi Tambahan_32011969_lamp1.pdf,prospektus_utama,70,penawaran umum; sukuk; perseroan,True
20251209_BWPT_Penyampaian Prospektus,20251209_BWPT_Penyampaian Prospektus_Informasi Tambahan_32011969_lamp2.pdf,term_sheet_waran,10,waran,True
20251212_CSIS_Publikasi Prospektus dan Prospektus Ringkas dalam rangka Pen,20251212_CSIS_Laporan Informasi dan Fakta Material_32012858_lamp1.pdf,tidak_terbaca,0,,False
20251211_BSDE_Penyampaian Prospektus,20251211_BSDE_Penyampaian Prospektus_Informasi Tambahan_32012555_lamp1.pdf,informasi_tambahan,60,informasi tambahan; perbaikan atas,True
20251211_PANI_Penyampaian Prospektus,20251210_PANI_Penyampaian Prospektus_Informasi Tambahan_32012196_lamp1.pdf,prospektus_utama,10,perseroan,True
20251212_CSIS_Publikasi Prospektus dan Prospektus Ringkas dalam rangka Pen,20251212_CSIS_Laporan Informasi dan Fakta Material_32012858_lamp2.pdf,prospektus_utama,10,perseroan,True
20251215_CSIS_Penyampaian Bukti Iklan Publikasi Prospektus dan Prospektus,20251215_CSIS_Penyampaian Bukti Iklan_32013279_lamp1.pdf,prospektus_ringkas,30,ringkas,True
20251212_CSIS_Publikasi Prospektus dan Prospektus Ringkas dalam rangka Pen,20251212_CSIS_Laporan Informasi dan Fakta Material_32012858_lamp3.pdf,informasi_tambahan,40,informasi tambahan; perubahan informasi,True
20251212_GMFI_Penyampaian Prospektus,20251212_GMFI_Penyampaian Prospektus_Informasi Tambahan_32012823_lamp2.pdf,informasi_tambahan,10,perubahan informasi,True
20251212_GMFI_Penyampaian Prospektus,20251212_GMFI_Penyampaian Prospektus_Informasi Tambahan_32012823_lamp1.pdf,prospektus_ringkas,30,ringkas,True
20251215_CSIS_Publikasi Prospektus dan Prospektus Ringkas dalam rangka Pen,20251215_CSIS_Laporan Informasi dan Fakta Material_32013215_lamp2.pdf,tidak_terbaca,0,,False
20251215_CSIS_Penyampaian Bukti Iklan Publikasi Prospektus dan Prospektus,20251215_CSIS_Penyampaian Bukti Iklan_32013279_lamp2.pdf,tidak_teridentifikasi,0,,True
20251215_CSIS_Publikasi Prospektus dan Prospektus Ringkas dalam rangka Pen,20251215_CSIS_Laporan Informasi dan Fakta Material_32013215_lamp1.pdf,tidak_terbaca,0,,False
20251215_CSIS_Publikasi Prospektus dan Prospektus Ringkas dalam rangka Pen,20251215_CSIS_Laporan Informasi dan Fakta Material_32013215_lamp4.pdf,informasi_tambahan,40,informasi tambahan; perubahan informasi,True
20251215_PNMP_Penyampaian Prospektus,20251215_PNMP_Penyampaian Prospektus_Informasi Tambahan_32013124_lamp1.pdf,informasi_tambahan,30,informasi tambahan,True
20251216_CSIS_Publikasi Prospektus dan Prospektus Ringkas dalam rangka Pen,20251216_CSIS_Laporan Informasi dan Fakta Material_32013362_lamp2.pdf,tidak_terbaca,0,,False
20251215_PNMP_Penyampaian Prospektus,20251215_PNMP_Penyampaian Prospektus_Informasi Tambahan_32013124_lamp2.pdf,prospektus_utama,100,penawaran umum; obligasi; sukuk; perseroan,True
20251216_CSIS_Publikasi Prospektus dan Prospektus Ringkas dalam rangka Pen,20251216_CSIS_Laporan Informasi dan Fakta Material_32013362_lamp1.pdf,tidak_terbaca,0,,False
20251215_CSIS_Publikasi Prospektus dan Prospektus Ringkas dalam rangka Pen,20251215_CSIS_Laporan Informasi dan Fakta Material_32013215_lamp3.pdf,prospektus_utama,10,perseroan,True
20251216_CSIS_Publikasi Prospektus dan Prospektus Ringkas dalam rangka Pen,20251216_CSIS_Laporan Informasi dan Fakta Material_32013362_lamp3.pdf,prospektus_utama,10,perseroan,True
20251216_CSIS_Publikasi Prospektus dan Prospektus Ringkas dalam rangka Pen,20251216_CSIS_Laporan Informasi dan Fakta Material_32013362_lamp4.pdf,informasi_tambahan,40,informasi tambahan; perubahan informasi,True
20251219_XSPI_Keterbukaan Informasi terkait Informasi atas Fakta Material,20251219_XSPI_Keterbukaan Informasi_32014403_lamp1.pdf,tidak_terbaca,0,,False
20251219_MYOR_Penyampaian Prospektus,20251219_MYOR_Penyampaian Prospektus_Informasi Tambahan_32014343_lamp1.pdf,informasi_tambahan,60,informasi tambahan; perbaikan atas,True
20251219_XSPI_Keterbukaan Informasi terkait Informasi atas Fakta Material,20251219_XSPI_Keterbukaan Informasi_32014403_lamp2.pdf,tidak_teridentifikasi,0,,True
20251223_INET_Penyampaian Prospektus,20251223_INET_Penyampaian Prospektus_Informasi Tambahan_32014924_lamp1.pdf,informasi_tambahan,40,informasi tambahan; perubahan informasi,True
20251218_TPIA_Penyampaian Prospektus,20251218_TPIA_Penyampaian Prospektus_Informasi Tambahan_32013974_lamp1.pdf,prospektus_utama,80,penawaran umum; obligasi; pendaftaran efek; perseroan,True
20251224_BWPT_Penyampaian Prospektus,20251224_BWPT_Penyampaian Prospektus_Informasi Tambahan_32015337_lamp1.pdf,tidak_terbaca,0,,False
20251223_INET_Penyampaian Prospektus,20251223_INET_Penyampaian Prospektus_Informasi Tambahan_32014924_lamp2.pdf,informasi_tambahan,10,perubahan informasi,True
20251224_BWPT_Penyampaian Prospektus,20251224_BWPT_Penyampaian Prospektus_Informasi Tambahan_32015337_lamp2.pdf,prospektus_utama,70,penawaran umum; sukuk; perseroan,True
20251224_BWPT_Penyampaian Prospektus,20251224_BWPT_Penyampaian Prospektus_Informasi Tambahan_32015338_lamp1.pdf,tidak_terbaca,0,,False
20251229_INET_Penyampaian Prospektus (KOREKSI),20251229_INET_Penyampaian Prospektus_Informasi Tambahan_32015690_lamp1.pdf,informasi_tambahan,10,perubahan informasi,True
20251224_ENRG_Penyampaian Bukti Iklan Penyampaian Bukti Iklan Informasi Ta,20251224_ENRG_Penyampaian Bukti Iklan_32015375_lamp1.pdf,tidak_terbaca,0,,False
20251224_BWPT_Penyampaian Prospektus,20251224_BWPT_Penyampaian Prospektus_Informasi Tambahan_32015338_lamp2.pdf,prospektus_utama,70,penawaran umum; obligasi; perseroan,True
20251229_INET_Penyampaian Prospektus (KOREKSI),20251229_INET_Penyampaian Prospektus_Informasi Tambahan_32015690_lamp2.pdf,informasi_tambahan,40,informasi tambahan; perubahan informasi,True
20251229_INET_Penyampaian Prospektus (KOREKSI),20251229_INET_Penyampaian Prospektus_Informasi Tambahan_32015801_lamp2.pdf,informasi_tambahan,40,informasi tambahan; perubahan informasi,True
20251230_BWPT_Penyampaian Prospektus,20251230_BWPT_Penyampaian Prospektus_Informasi Tambahan_32016094_lamp1.pdf,informasi_tambahan,70,informasi tambahan; perbaikan atas; penambahan informasi,True
20251230_BWPT_Penyampaian Prospektus,20251230_BWPT_Penyampaian Prospektus_Informasi Tambahan_32016094_lamp2.pdf,term_sheet_waran,10,waran,True
20251229_INET_Penyampaian Prospektus (KOREKSI),20251229_INET_Penyampaian Prospektus_Informasi Tambahan_32015801_lamp1.pdf,informasi_tambahan,10,perubahan informasi,True
20251230_BWPT_Penyampaian Prospektus,20251230_BWPT_Penyampaian Prospektus_Informasi Tambahan_32016095_lamp1.pdf,informasi_tambahan,70,informasi tambahan; perbaikan atas; penambahan informasi,True
20251229_INET_Penyampaian Prospektus (KOREKSI),20251229_INET_Penyampaian Prospektus_Informasi Tambahan_32015801_lamp3.pdf,prospektus_utama,10,perseroan,True
20251230_BWPT_Penyampaian Prospektus,20251230_BWPT_Penyampaian Prospektus_Informasi Tambahan_32016095_lamp2.pdf,term_sheet_waran,10,waran,True
20251231_BANK_Penyampaian Prospektus,20251231_BANK_Penyampaian Prospektus_Informasi Tambahan_32016190_lamp2.pdf,tidak_terbaca,0,,False
20251231_BANK_Penyampaian Prospektus,20251231_BANK_Penyampaian Prospektus_Informasi Tambahan_32016190_lamp1.pdf,informasi_tambahan,60,informasi tambahan; perbaikan atas,True
20260114_IRSX_Penyampaian Prospektus,20260114_IRSX_Penyampaian Prospektus_Informasi Tambahan_32020104_lamp2.pdf,bukti_iklan,10,media,True
20260120_SMAR_Penyampaian Prospektus,20260120_SMAR_Penyampaian Prospektus_Informasi Tambahan_32021192_lamp1.pdf,informasi_tambahan,30,perubahan dan/atau tambahan,True
20260114_IRSX_Penyampaian Prospektus,20260114_IRSX_Penyampaian Prospektus_Informasi Tambahan_32020104_lamp1.pdf,tidak_teridentifikasi,0,,True
20260122_INET_Penyampaian Prospektus,20260122_INET_Penyampaian Prospektus_Informasi Tambahan_32021659_lamp2.pdf,bukti_iklan,70,bukti iklan; pengumuman; koran,True
20260102_PACK_Penyampaian Prospektus,20260102_PACK_Penyampaian Prospektus_Informasi Tambahan_32016333_lamp1.pdf,informasi_tambahan,30,perbaikan atas,True
20260122_INET_Penyampaian Prospektus,20260122_INET_Penyampaian Prospektus_Informasi Tambahan_32021659_lamp1.pdf,prospektus_utama,100,penawaran umum; obligasi; sukuk; pendaftaran efek; perseroan,True
20260120_SMAR_Penyampaian Prospektus,20260120_SMAR_Penyampaian Prospektus_Informasi Tambahan_32021192_lamp2.pdf,prospektus_utama,100,penawaran umum; obligasi; sukuk; perseroan,True
20260123_CNAF_Penyampaian Prospektus,20260123_CNAF_Penyampaian Prospektus_Informasi Tambahan_32021988_lamp1.pdf,tidak_teridentifikasi,0,,False
20260123_CNAF_Penyampaian Prospektus,20260123_CNAF_Penyampaian Prospektus_Informasi Tambahan_32021988_lamp2.pdf,informasi_tambahan,30,informasi tambahan,True
20260123_HIFI_Penyampaian Prospektus,20260123_HIFI_Penyampaian Prospektus_Informasi Tambahan_32021895_lamp1.pdf,tidak_teridentifikasi,0,,False
20260129_JSMR_Penyampaian Prospektus,20260129_JSMR_Penyampaian Prospektus_Informasi Tambahan_32022961_lamp1.pdf,tidak_terbaca,0,,False
20260127_TBIG_Penyampaian Prospektus,20260127_TBIG_Penyampaian Prospektus_Informasi Tambahan_32022440_lamp1.pdf,tidak_teridentifikasi,0,,False
20260127_TBIG_Penyampaian Prospektus,20260127_TBIG_Penyampaian Prospektus_Informasi Tambahan_32022440_lamp2.pdf,informasi_tambahan,30,informasi tambahan,True
20260123_HIFI_Penyampaian Prospektus,20260123_HIFI_Penyampaian Prospektus_Informasi Tambahan_32021895_lamp2.pdf,informasi_tambahan,30,informasi tambahan,True
20260129_JSMR_Penyampaian Prospektus,20260129_JSMR_Penyampaian Prospektus_Informasi Tambahan_32022961_lamp2.pdf,informasi_tambahan,30,informasi tambahan,True
20260130_SANF_Penyampaian Prospektus,20260130_SANF_Penyampaian Prospektus_Informasi Tambahan_32023290_lamp1.pdf,tidak_teridentifikasi,0,,False
20260202_SMAR_Penyampaian Prospektus,20260202_SMAR_Penyampaian Prospektus_Informasi Tambahan_32023491_lamp1.pdf,informasi_tambahan,60,informasi tambahan; perbaikan atas,True
20260130_SANF_Penyampaian Prospektus,20260130_SANF_Penyampaian Prospektus_Informasi Tambahan_32023290_lamp2.pdf,informasi_tambahan,30,informasi tambahan,True
20260203_WOMF_Penyampaian Prospektus,20260203_WOMF_Penyampaian Prospektus_Informasi Tambahan_32023756_lamp1.pdf,tidak_terbaca,0,,False
20260204_HIFI_Penyampaian Prospektus,20260204_HIFI_Penyampaian Prospektus_Informasi Tambahan_32024236_lamp2.pdf,tidak_terbaca,0,,False
20260203_WOMF_Penyampaian Prospektus,20260203_WOMF_Penyampaian Prospektus_Informasi Tambahan_32023756_lamp2.pdf,informasi_tambahan,30,informasi tambahan,True
20260204_HIFI_Penyampaian Prospektus,20260204_HIFI_Penyampaian Prospektus_Informasi Tambahan_32024236_lamp1.pdf,informasi_tambahan,30,informasi tambahan,True
20260204_IMFI_Penyampaian Prospektus,20260204_IMFI_Penyampaian Prospektus_Informasi Tambahan_32024530_lamp1.pdf,tidak_terbaca,0,,False
20260204_TPIA_Penyampaian Prospektus,20260204_TPIA_Penyampaian Prospektus_Informasi Tambahan_32024579_lamp1.pdf,informasi_tambahan,30,informasi tambahan,True
20260206_FIFA_Penyampaian Prospektus,20260206_FIFA_Penyampaian Prospektus_Informasi Tambahan_32025496_lamp2.pdf,tidak_teridentifikasi,0,,False
20260204_TPIA_Penyampaian Prospektus,20260204_TPIA_Penyampaian Prospektus_Informasi Tambahan_32024579_lamp2.pdf,informasi_tambahan,60,informasi tambahan; perbaikan atas,True
20260206_FIFA_Penyampaian Prospektus,20260206_FIFA_Penyampaian Prospektus_Informasi Tambahan_32025496_lamp1.pdf,informasi_tambahan,30,informasi tambahan,True
20260204_IMFI_Penyampaian Prospektus,20260204_IMFI_Penyampaian Prospektus_Informasi Tambahan_32024530_lamp2.pdf,informasi_tambahan,30,informasi tambahan,True
20260209_ADMF_Penyampaian Prospektus,20260209_ADMF_Penyampaian Prospektus_Informasi Tambahan_32026335_lamp1.pdf,tidak_teridentifikasi,0,,False
20260209_ADMF_Penyampaian Prospektus,20260209_ADMF_Penyampaian Prospektus_Informasi Tambahan_32026335_lamp3.pdf,prospektus_utama,60,obligasi; sukuk,True
20260210_TBIG_Penyampaian Prospektus,20260210_TBIG_Penyampaian Prospektus_Informasi Tambahan_32026520_lamp1.pdf,informasi_tambahan,60,informasi tambahan; perbaikan atas,True
20260211_CNAF_Penyampaian Prospektus,20260211_CNAF_Penyampaian Prospektus_Informasi Tambahan_32026937_lamp1.pdf,tidak_teridentifikasi,0,,False
20260209_ADMF_Penyampaian Prospektus,20260209_ADMF_Penyampaian Prospektus_Informasi Tambahan_32026335_lamp2.pdf,prospektus_utama,100,penawaran umum; obligasi; sukuk; perseroan,True
20260211_CNAF_Penyampaian Prospektus,20260211_CNAF_Penyampaian Prospektus_Informasi Tambahan_32026937_lamp2.pdf,informasi_tambahan,30,informasi tambahan,True
20260211_HIFI_Penyampaian Prospektus,20260211_HIFI_Penyampaian Prospektus_Informasi Tambahan_32026941_lamp2.pdf,informasi_tambahan,60,informasi tambahan; perbaikan atas,True
20260211_HIFI_Penyampaian Prospektus,20260211_HIFI_Penyampaian Prospektus_Informasi Tambahan_32026941_lamp1.pdf,tidak_terbaca,0,,False
20260211_PALM_Penyampaian Prospektus,20260211_PALM_Penyampaian Prospektus_Informasi Tambahan_32026975_lamp2.pdf,tidak_terbaca,0,,False
20260211_PALM_Penyampaian Prospektus,20260211_PALM_Penyampaian Prospektus_Informasi Tambahan_32026975_lamp1.pdf,prospektus_utama,70,penawaran umum; obligasi; perseroan,True
20260218_TRIM_Penyampaian Prospektus,20260218_TRIM_Penyampaian Prospektus_Informasi Tambahan_32027833_lamp1.pdf,tidak_teridentifikasi,0,,False
20260212_IMFI_Penyampaian Prospektus,20260212_IMFI_Penyampaian Prospektus_Informasi Tambahan_32027223_lamp2.pdf,informasi_tambahan,60,informasi tambahan; perbaikan atas,True
20260212_IMFI_Penyampaian Prospektus,20260212_IMFI_Penyampaian Prospektus_Informasi Tambahan_32027223_lamp1.pdf,tidak_terbaca,0,,False
20260218_TRIM_Penyampaian Prospektus,20260218_TRIM_Penyampaian Prospektus_Informasi Tambahan_32027833_lamp2.pdf,informasi_tambahan,30,informasi tambahan,True
20260213_BABY_Penyampaian Prospektus,20260213_BABY_Penyampaian Prospektus_Informasi Tambahan_32027582_lamp1.pdf,prospektus_utama,10,perseroan,True
20260223_WISL_Penyampaian Prospektus,20260223_WISL_Penyampaian Prospektus_Informasi Tambahan_32028797_lamp1.pdf,tidak_terbaca,0,,False
20260223_ADMF_Penyampaian Prospektus,20260223_ADMF_Penyampaian Prospektus_Informasi Tambahan_32028738_lamp1.pdf,prospektus_utama,100,penawaran umum; obligasi; sukuk; perseroan,True
20260223_ADMF_Penyampaian Prospektus,20260223_ADMF_Penyampaian Prospektus_Informasi Tambahan_32028738_lamp2.pdf,tidak_terbaca,0,,False
20260223_ADMF_Penyampaian Prospektus,20260223_ADMF_Penyampaian Prospektus_Informasi Tambahan_32028738_lamp3.pdf,tidak_terbaca,0,,False
20260223_WOMF_Penyampaian Prospektus,20260223_WOMF_Penyampaian Prospektus_Informasi Tambahan_32028664_lamp1.pdf,tidak_terbaca,0,,False
20260223_WISL_Penyampaian Prospektus,20260223_WISL_Penyampaian Prospektus_Informasi Tambahan_32028797_lamp2.pdf,prospektus_utama,70,penawaran umum; obligasi; perseroan,True
20260225_INKP_Penyampaian Bukti Iklan Prospektus Ringkas Obligasi Berkelan,20260225_INKP_Penyampaian Bukti Iklan_32029144_lamp1.pdf,tidak_terbaca,0,,False
20260227_BBRI_Penyampaian Prospektus,20260227_BBRI_Penyampaian Prospektus_Informasi Tambahan_32029855_lamp1.pdf,tidak_teridentifikasi,0,,False
20260225_INKP_Penyampaian Bukti Iklan Prospektus Ringkas Obligasi Berkelan,20260225_INKP_Penyampaian Bukti Iklan_32029144_lamp2.pdf,tidak_terbaca,0,,False
20260223_WOMF_Penyampaian Prospektus,20260223_WOMF_Penyampaian Prospektus_Informasi Tambahan_32028664_lamp2.pdf,informasi_tambahan,30,informasi tambahan,True
20260302_BANK_Penyampaian Prospektus,20260302_BANK_Penyampaian Prospektus_Informasi Tambahan_32040164_lamp1.pdf,informasi_tambahan,30,informasi tambahan,True
20260227_BBRI_Penyampaian Prospektus,20260227_BBRI_Penyampaian Prospektus_Informasi Tambahan_32029855_lamp2.pdf,prospektus_utama,70,penawaran umum; obligasi; perseroan,True
20260304_WISL_Penyampaian Prospektus,20260304_WISL_Penyampaian Prospektus_Informasi Tambahan_32040862_lamp1.pdf,tidak_terbaca,0,,False
20260303_TRIM_Penyampaian Prospektus,20260303_TRIM_Penyampaian Prospektus_Informasi Tambahan_32040464_lamp2.pdf,tidak_teridentifikasi,0,,False
20260303_TRIM_Penyampaian Prospektus,20260303_TRIM_Penyampaian Prospektus_Informasi Tambahan_32040464_lamp1.pdf,informasi_tambahan,90,informasi tambahan; perubahan dan/atau tambahan; perbaikan atas,True
20260304_WISL_Penyampaian Prospektus,20260304_WISL_Penyampaian Prospektus_Informasi Tambahan_32040862_lamp2.pdf,informasi_tambahan,90,informasi tambahan; perubahan dan/atau tambahan; perbaikan atas,True
